CustomerID,Recency_scaled,Frequency_scaled,Monetary_scaled
12346,2.3345741373435525,-0.4250965025587132,8.363010369665085
12347,-0.9053403195403357,0.35441679662391234,0.25169890473935463
12348,-0.17535959314365723,-0.03533985296740041,-0.027987826760211432
12349,-0.7353448079137119,-0.4250965025587132,-0.03240558507107988
12350,2.1745783616949654,-0.4250965025587132,-0.19081154980054366
12352,-0.5653492962870882,0.4843356798210166,0.050906279834486194
12353,1.114606348023076,-0.4250965025587132,-0.2181261854641142
12354,1.3945989554081033,-0.4250965025587132,-0.10788814487242608
12355,1.2146037078034428,-0.4250965025587132,-0.1768982268260273
12356,-0.6953458640015652,-0.16525873616450468,0.08489819745998661
12357,-0.5953485042211982,-0.4250965025587132,0.46292206961175847
12358,-0.9053403195403357,-0.2951776193616089,-0.09801970315306112
12359,-0.345355104770281,-0.03533985296740041,0.4743154115291305
12360,-0.4053535206385011,-0.16525873616450468,0.06827233303835854
12361,1.9445844342001213,-0.4250965025587132,-0.20689535115908458
12362,-0.8953405835622991,0.7441734462152251,0.35368133601088364
12363,0.17463116608762697,-0.2951776193616089,-0.16659123716650556
12364,-0.8453419036721156,-0.03533985296740041,-0.08187579623927028
12365,1.9845833781122681,-0.2951776193616089,-0.15664265470680735
12367,-0.8853408475842623,-0.4250965025587132,-0.20923278941880333
12370,-0.4153532566165378,-0.03533985296740041,0.16620876998889828
12371,-0.47535167248475796,-0.2951776193616089,-0.017890093478226426
12372,-0.2053588010777673,-0.16525873616450468,-0.08355207339124002
12373,2.184578097673002,-0.4250965025587132,-0.1874500909699005
12374,-0.6753463920454919,-0.4250965025587132,-0.1453394711223103
12375,-0.8153426957380054,-0.2951776193616089,-0.17710970933523995
12377,2.2245770415851487,-0.2951776193616089,-0.04681199621181312
12378,0.3746258856483608,-0.4250965025587132,0.21815332651487665
12379,-0.1053614412974004,-0.2951776193616089,-0.1331725484475552
12380,-0.7053455999796019,-0.03533985296740041,0.07525682117156576
12381,-0.8753411116062256,0.09457903022970385,-0.02263731927713142
12383,0.9246113644403788,0.09457903022970385,-0.022052959712201736
12384,-0.6353474481333451,-0.2951776193616089,-0.1628880671236083
12386,2.4545709690799926,-0.2951776193616089,-0.1832983553943048
12388,-0.7653440158478221,0.2244979134268081,0.08147329387657967
12390,-0.1253609132534738,-0.4250965025587132,-0.1668316593875052
12391,-0.7053455999796019,-0.4250965025587132,-0.1790954187901629
12393,-0.2053588010777673,-0.03533985296740041,-0.051878671906212995
12394,-0.28535668890206084,-0.2951776193616089,-0.08639706967306912
12395,-0.7353448079137119,1.0040112126094336,0.10796092162254499
12397,-0.5653492962870882,-0.2951776193616089,0.04020526486832618
12398,-0.4653519365067213,-0.4250965025587132,-0.045972744569990266
12399,0.2646287898899572,-0.03533985296740041,-0.10463242729638925
12401,2.1045802098487085,-0.4250965025587132,-0.21864932640795604
12402,2.3045749294094424,-0.4250965025587132,-0.20292170611756272
12403,-0.42535299259457454,-0.4250965025587132,-0.18042664553236465
12405,0.5646208692310579,-0.4250965025587132,-0.037654803562905396
12406,-0.7053455999796019,-0.2951776193616089,0.15211290421695628
12407,-0.42535299259457454,0.09457903022970385,-0.03790746950812263
12408,-0.5953485042211982,0.09457903022970385,0.09348216120234427
12409,-0.13536064923151048,-0.16525873616450468,1.0044285997799356
12410,2.1645786257169286,-0.2951776193616089,-0.1508602776785984
12412,-0.17535959314365723,-0.16525873616450468,-0.09147264989417268
12413,-0.25535748096795075,-0.16525873616450468,-0.14365095024612298
12414,1.2446029157375529,-0.16525873616450468,-0.16543253562918786
12415,-0.6853461280235285,2.1732811613833722,13.675777129377346
12417,-0.8953405835622991,0.6142545630181209,0.17813638350849165
12418,0.20463037402173703,-0.4250965025587132,-0.15361511562755262
12420,-0.28535668890206084,-0.4250965025587132,-0.1612051115766108
12421,-0.7653440158478221,-0.03533985296740041,-0.13820360603514031
12422,0.03463486239511329,-0.16525873616450468,-0.13859095294675086
12423,-0.9153400555183724,0.4843356798210166,-0.021079027103985588
12424,0.7046171729235716,-0.2951776193616089,-0.03202602962033506
12425,-0.14536038520954717,-0.4250965025587132,-0.14152499449561687
12426,1.0246087242207458,-0.4250965025587132,-0.16317078584645045
12427,-0.7053455999796019,-0.16525873616450468,-0.1361154945231249
12428,-0.6653466560674551,0.6142545630181209,0.6575739102885945
12429,-0.8353421676940789,-0.03533985296740041,0.18941174044703973
12430,-0.49535114444083134,-0.4250965025587132,-0.19949346333664186
12431,-0.5653492962870882,1.3937678622007466,0.4865502312200012
12432,-0.49535114444083134,0.09457903022970385,0.33510315410947145
12433,-0.9153400555183724,0.35441679662391234,1.2607899235791846
12434,-0.07536223336329032,-0.2951776193616089,-0.13830378196055684
12435,-0.1253609132534738,-0.2951776193616089,0.6434858359775182
12436,0.07463380630726006,-0.4250965025587132,-0.17137630720390123
12437,-0.9053403195403357,1.7835245117920593,0.323092060652031
12438,-0.7853434878038954,-0.2951776193616089,0.09551907168581344
12441,2.744563312443056,-0.4250965025587132,-0.20871521380415134
12442,-0.8953405835622991,-0.4250965025587132,-0.20888106061400757
12444,-0.7153453359576386,0.09457903022970385,0.32910818150621185
12445,-0.7053455999796019,-0.4250965025587132,-0.21318417314356597
12446,-0.345355104770281,-0.4250965025587132,-0.11646876941726983
12447,1.5045960511665069,-0.4250965025587132,-0.1749959973089514
12448,-0.4853514084627947,-0.4250965025587132,-0.1780057273347988
12449,-0.7053455999796019,-0.03533985296740041,0.2246836837861957
12450,0.6346190210773148,-0.2951776193616089,-0.20600712462039145
12451,-0.8153426957380054,0.09457903022970385,0.7776803925996475
12452,-0.7553442798697854,-0.2951776193616089,-0.18010719563686975
12453,0.41462482956050756,-0.4250965025587132,-0.1493286990855636
12454,-0.36535457672635435,-0.4250965025587132,0.1646950004492709
12455,-0.1953590650997306,0.2244979134268081,0.0465452878813538
12456,-0.4853514084627947,-0.16525873616450468,0.1260382238968746
12457,-0.26535721694598746,0.35441679662391234,0.03501058660256074
12458,-0.215358537055804,-0.2951776193616089,-0.12258061393351537
12461,0.014635390439039907,-0.2951776193616089,-0.13599528341262507
12462,-0.7353448079137119,-0.2951776193616089,-0.09562327240393043
12463,-0.39535378466046445,-0.03533985296740041,-0.07834960366460886
12464,-0.8253424317160422,0.4843356798210166,-0.09312332653186932
12465,-0.7553442798697854,-0.2951776193616089,-0.1454218379943194
12468,0.9546105723744889,-0.2951776193616089,-0.14682986627934047
12471,-0.9053403195403357,3.34255111015731,1.9745745580153375
12472,-0.6053482401992349,0.35441679662391234,0.5034866410104205
12473,-0.6353474481333451,0.09457903022970385,0.20918535505842242
12474,-0.7553442798697854,1.7835245117920593,0.587186965893435
12475,-0.38535404868242773,-0.4250965025587132,-0.14751551483552464
12476,-0.7653440158478221,0.8740923294123294,0.5306799524976532
12477,-0.6953458640015652,0.2244979134268081,1.2434116266510946
12478,-0.8853408475842623,-0.4250965025587132,-0.15223380092264263
12479,-0.8153426957380054,-0.4250965025587132,-0.1693516404446496
12480,-0.6453471841113817,-0.03533985296740041,0.13723455316092742
12481,-0.6953458640015652,0.7441734462152251,0.3930382309753576
12483,-0.7553442798697854,0.4843356798210166,0.04856216317973969
12484,-0.5953485042211982,0.2244979134268081,0.2758880515299298
12488,-0.8253424317160422,-0.16525873616450468,-0.0834830633092864
12489,2.4345714971239194,-0.4250965025587132,-0.1907525573111317
12490,-0.8753411116062256,0.7441734462152251,0.37501880812460203
12491,-0.5353500883529781,-0.4250965025587132,-0.17678692024223114
12492,-0.29535642488009756,-0.2951776193616089,-0.19873546550099022
12493,0.7346163808576817,-0.2951776193616089,-0.17975435376623602
12494,-0.7653440158478221,0.35441679662391234,-0.08933333735361107
12497,-0.1053614412974004,-0.4250965025587132,-0.11192857386422565
12498,-0.7153453359576386,-0.16525873616450468,-0.18309800354347178
12500,-0.6953458640015652,0.8740923294123294,0.24589092719687247
12501,2.444571233101956,-0.4250965025587132,0.013434918399518695
12502,0.03463486239511329,0.09457903022970385,0.18645877677892836
12504,-0.7453445438917486,-0.2951776193616089,-0.17437713270304492
12506,1.4045986913861401,-0.4250965025587132,-0.21985143751295425
12507,0.41462482956050756,-0.16525873616450468,-0.08279852781894022
12508,-0.6653466560674551,-0.2951776193616089,-0.18374580786116526
12509,1.9145852262660112,-0.4250965025587132,-0.20838685938195275
12510,0.5046224533628378,-0.2951776193616089,-0.11866596138140544
12512,-0.26535721694598746,-0.2951776193616089,-0.21331996717579726
12513,0.20463037402173703,-0.4250965025587132,-0.15988056322943683
12514,1.7445897146393876,-0.4250965025587132,-0.11475798722432332
12515,2.604567008750543,-0.4250965025587132,-0.1853241352193944
12516,-0.14536038520954717,-0.2951776193616089,-0.08199155508641827
12517,-0.6453471841113817,0.09457903022970385,0.04818594692650875
12518,-0.9153400555183724,0.09457903022970385,0.0009129277224539601
12519,-0.28535668890206084,-0.4250965025587132,-0.1912078012388579
12520,-0.13536064923151048,0.09457903022970385,0.06517801000882614
12521,0.5046224533628378,-0.4250965025587132,-0.16128413925110605
12522,-0.5353500883529781,-0.2951776193616089,-0.20658146659277948
12523,-0.7353448079137119,0.8740923294123294,-0.02881928694116853
12524,-0.8353421676940789,0.4843356798210166,0.2712576976440108
12526,-0.9153400555183724,-0.16525873616450468,-0.08147954480095605
12527,-0.1053614412974004,-0.16525873616450468,-0.189218752586421
12528,-0.8353421676940789,0.2244979134268081,-0.012823417783826547
12530,-0.3253556328142076,-0.03533985296740041,-0.04300976330933727
12531,-0.7753437518258587,-0.4250965025587132,-0.21409466099901833
12532,-0.6253477121553084,-0.4250965025587132,-0.18909408921256937
12534,0.3846256216263975,-0.4250965025587132,-0.10679956648289993
12535,-0.0053640815170334765,-0.2951776193616089,-0.14829800011961145
12536,-0.49535114444083134,-0.16525873616450468,1.1746341754576273
12538,-0.6353474481333451,-0.4250965025587132,-0.18752244024936798
12539,-0.7053455999796019,-0.03533985296740041,0.39176154445921607
12540,-0.7253450719356752,1.653605628594955,1.2635024650262963
12541,-0.6253477121553084,-0.16525873616450468,-0.11882067753288209
12544,-0.5653492962870882,-0.4250965025587132,-0.18654850764115183
12545,-0.17535959314365723,-0.2951776193616089,-0.11668247805815841
12546,-0.4553522005286846,-0.2951776193616089,-0.09874987434276374
12547,1.0546079321548558,-0.2951776193616089,-0.20490296330913385
12548,0.7346163808576817,-0.4250965025587132,-0.2174360846445782
12550,-0.13536064923151048,-0.4250965025587132,-0.12064054017794883
12551,2.654565688640726,-0.4250965025587132,-0.20933296534421986
12552,-0.5353500883529781,-0.2951776193616089,-0.1793002229043478
12553,-0.8453419036721156,0.7441734462152251,0.18294260179680863
12556,-0.42535299259457454,-0.2951776193616089,-0.1612974960411616
12557,-0.7653440158478221,0.09457903022970385,1.1066403226140846
12558,-0.8453419036721156,-0.4250965025587132,-0.19798414606036635
12559,2.184578097673002,-0.2951776193616089,-0.16551045023784514
12560,-0.8753411116062256,-0.16525873616450468,0.009496891464811618
12561,2.1045802098487085,-0.4250965025587132,-0.201446893882264
12562,-0.8453419036721156,0.35441679662391234,0.19290008878321047
12564,1.6845912987711673,-0.4250965025587132,-0.1771764932855176
12565,1.9645839061561947,-0.4250965025587132,-0.2117906147144384
12566,-0.06536249738525363,-0.4250965025587132,-0.1888915112300604
12567,-0.6953458640015652,0.7441734462152251,0.8183918886889203
12569,-0.9053403195403357,3.602388876551519,0.23107268169609355
12571,-0.5253503523749414,-0.2951776193616089,-0.17019645741566222
12572,-0.8353421676940789,-0.2951776193616089,-0.11445300718472189
12573,1.3446002755179198,-0.4250965025587132,-0.210163312459339
12574,2.2345767775631855,-0.4250965025587132,-0.20371754819170504
12576,-0.5653492962870882,0.09457903022970385,-0.08157192926550685
12577,-0.5753490322651249,-0.16525873616450468,-0.1582877660153142
12578,-0.7153453359576386,-0.2951776193616089,0.08301489006215612
12579,-0.14536038520954717,-0.4250965025587132,-0.17901082578647784
12580,1.5445949950786537,-0.4250965025587132,-0.1817623245379182
12581,-0.5253503523749414,-0.4250965025587132,-0.20602604673963681
12582,1.4645971072543602,-0.2951776193616089,-0.1711147367319803
12583,-0.8953405835622991,1.3937678622007466,0.5824330616995024
12584,-0.8853408475842623,0.6142545630181209,0.03221901748095378
12585,1.4145984273641767,-0.2951776193616089,-0.0009559098194830748
12586,-0.7553442798697854,-0.4250965025587132,-0.20611175280915983
12587,-0.8453419036721156,-0.4250965025587132,-0.212004323355327
12588,-0.5353500883529781,-0.4250965025587132,-0.2041126865641813
12589,-0.6353474481333451,-0.2951776193616089,-0.1560527298126879
12590,1.1846044998693328,-0.2951776193616089,0.8699246108548531
12591,2.244576513541222,-0.4250965025587132,-0.17762728494989197
12592,-0.0053640815170334765,-0.2951776193616089,-0.17932471035278297
12593,0.16463143010959028,-0.16525873616450468,-0.1814951887368075
12594,-0.5453498243310149,0.7441734462152251,0.14353339273795046
12596,-0.4153532566165378,-0.2951776193616089,-0.15921494985833595
12597,-0.7353448079137119,-0.03533985296740041,0.1961814068735204
12598,-0.8253424317160422,0.4843356798210166,0.10845623592043775
12599,-0.6353474481333451,0.35441679662391234,-0.11309951912576095
12600,-0.6353474481333451,0.7441734462152251,0.06125779212752638
12601,0.9746100443305623,0.09457903022970385,-0.16380189417657454
12602,-0.3353553687922443,-0.4250965025587132,-0.2109892073111063
12603,-0.7053455999796019,-0.4250965025587132,-0.14575464467986984
12604,-0.13536064923151048,-0.2951776193616089,-0.1997405639526693
12607,-0.3253556328142076,-0.4250965025587132,-0.05222260925014303
12609,-0.14536038520954717,-0.16525873616450468,-0.10260664747129969
12610,-0.6953458640015652,0.09457903022970385,0.005660153521358956
12611,-0.4053535206385011,-0.4250965025587132,-0.09520809884637085
12612,-0.18535932912169392,-0.4250965025587132,-0.1496681841661418
12613,-0.3553548407483177,0.09457903022970385,0.14421904129413465
12614,1.8545868103977912,-0.4250965025587132,-0.19290411357591095
12615,-0.9053403195403357,-0.03533985296740041,0.026992060305887466
12616,0.0246351264170766,-0.2951776193616089,-0.14863748520018966
12617,-0.6353474481333451,-0.4250965025587132,-0.18874347347361153
12618,-0.7053455999796019,-0.4250965025587132,-0.20829670104907788
12619,-0.7653440158478221,0.6142545630181209,0.17726151375985405
12620,-0.7753437518258587,-0.16525873616450468,-0.07894732001959406
12621,-0.9053403195403357,2.043362278186268,1.2957179295744103
12622,1.3945989554081033,-0.4250965025587132,-0.2079861556802867
12623,1.8345873384417177,-0.4250965025587132,-0.1940728327057703
12624,0.1346322221754802,-0.2951776193616089,-0.1566704813527564
12625,1.1946042358473694,-0.2951776193616089,0.07069436430176239
12626,-0.6953458640015652,0.6142545630181209,0.5088705404686392
12627,-0.8153426957380054,0.35441679662391234,0.2704574033065166
12628,-0.8853408475842623,-0.16525873616450468,-0.1404942955296647
12630,-0.8253424317160422,-0.2951776193616089,-0.08657516020714291
12631,-0.3553548407483177,-0.4250965025587132,-0.15674060450054797
12633,-0.3353553687922443,-0.03533985296740041,0.012832749781181643
12635,-0.02536355347310686,-0.2951776193616089,-0.04001561620522134
12637,-0.25535748096795075,0.4843356798210166,0.4401298204478247
12638,-0.5953485042211982,-0.4250965025587132,-0.15326895215194664
12639,1.4645971072543602,-0.4250965025587132,-0.1739263410386706
12640,-0.6853461280235285,-0.16525873616450468,-0.09729398422671034
12641,0.22462984597781044,-0.4250965025587132,-0.2073405774942691
12642,-0.6753463920454919,-0.16525873616450468,-0.1152499623247022
12643,0.3546264136922874,0.2244979134268081,0.14424798100592162
12644,0.3746258856483608,-0.4250965025587132,-0.17483794195996089
12645,-0.5853487682431616,-0.03533985296740041,-0.030443249998754075
12646,-0.8753411116062256,-0.2951776193616089,-0.07810584224609532
12647,-0.7053455999796019,1.0040112126094336,0.18634190486594246
12648,0.6246192850992781,-0.4250965025587132,-0.1926314124456104
12649,0.1446319581535169,-0.16525873616450468,-0.15863170335924423
12650,-0.8953405835622991,-0.4250965025587132,-0.19303322921311444
12651,2.4245717611458826,-0.4250965025587132,-0.21534352086921094
12652,2.3845728172337357,-0.4250965025587132,-0.12563264046120529
12653,0.5646208692310579,-0.2951776193616089,0.017938382779910157
12654,-0.8153426957380054,0.09457903022970385,-0.16102813410837494
12656,-0.7553442798697854,0.09457903022970385,0.22288942165540204
12657,-0.8153426957380054,-0.03533985296740041,-0.045135719059843364
12658,-0.7353448079137119,-0.4250965025587132,-0.15167058960863422
12659,-0.6253477121553084,-0.4250965025587132,-0.21782788381954057
12660,-0.8153426957380054,-0.4250965025587132,-0.20075122773353818
12662,-0.9153400555183724,0.8740923294123294,0.20047338874469925
12664,-0.8453419036721156,0.6142545630181209,0.31535291388068604
12665,2.3245744013655156,-0.4250965025587132,-0.2210201566428136
12667,-0.345355104770281,-0.4250965025587132,-0.15900791961247515
12668,-0.8053429597599688,-0.03533985296740041,0.19572838907747017
12669,0.5846203411871314,-0.16525873616450468,0.07739613371212743
12670,-0.8253424317160422,0.09457903022970385,0.10544761896042835
12672,2.374573081255699,-0.4250965025587132,-0.20288831414242386
12673,-0.8753411116062256,-0.2951776193616089,-0.16007757588275598
12674,-0.5353500883529781,-0.03533985296740041,-0.008691717393314178
12676,-0.6753463920454919,0.2244979134268081,-0.07983999882163903
12678,-0.505350880418868,1.0040112126094336,1.734131188764773
12679,-0.3353553687922443,-0.03533985296740041,-0.10414601752520017
12680,-0.9153400555183724,-0.03533985296740041,-0.1319960378568301
12681,-0.7753437518258587,2.303200044580476,1.3066115049305378
12682,-0.8853408475842623,3.4724699933544145,1.138792342409435
12683,-0.8853408475842623,1.3937678622007466,0.7154655775868
12684,-0.8453419036721156,0.35441679662391234,0.026150582532388722
12685,-0.6453471841113817,0.2244979134268081,0.0906471825130568
12686,2.79456199233324,-0.4250965025587132,-0.21811060254238274
12688,0.21463010999977375,-0.4250965025587132,0.3144546697494513
12689,-0.6653466560674551,-0.2951776193616089,-0.0891652644120789
12690,1.1346058199791493,-0.4250965025587132,-0.18473309725943696
12691,-0.6453471841113817,0.2244979134268081,-0.1127411119259374
12693,0.3446266777142507,-0.03533985296740041,-0.13276405328502341
12694,-0.22535827303384068,-0.2951776193616089,-0.13123247469198862
12695,-0.8553416396501522,-0.03533985296740041,-0.16324090899424204
12697,-0.6353474481333451,-0.16525873616450468,-0.12144639984463279
12700,-0.8453419036721156,-0.03533985296740041,0.32182093946507917
12701,-0.1253609132534738,-0.2951776193616089,-0.13924209646195823
12702,-0.7253450719356752,-0.4250965025587132,-0.2036563295706172
12703,-0.215358537055804,-0.4250965025587132,-0.19647148958657693
12704,-0.8553416396501522,0.4843356798210166,0.03251843219136538
12705,-0.7753437518258587,0.6142545630181209,0.5364534249991586
12707,1.9945831140903048,-0.4250965025587132,-0.1608678526277085
12708,-0.6253477121553084,0.7441734462152251,0.0739322728243918
12709,-0.7753437518258587,1.3937678622007466,0.8523671103268513
12710,0.04463459837314998,-0.16525873616450468,-0.10013898050853945
12712,-0.6353474481333451,1.133930095806538,0.2612857408017154
12713,-0.9153400555183724,-0.4250965025587132,-0.13358326974176293
12714,-0.8353421676940789,0.09457903022970385,0.29609464875227937
12715,0.1346322221754802,-0.4250965025587132,-0.1898142428097303
12716,-0.8853408475842623,-0.2951776193616089,-0.11077209845858384
12717,0.5846203411871314,-0.2951776193616089,-0.11327760965983474
12718,-0.215358537055804,-0.4250965025587132,-0.20151367783254165
12719,-0.8753411116062256,-0.2951776193616089,-0.15624529020265518
12720,-0.8953405835622991,2.692956694171789,0.41551214330963443
12721,-0.6053482401992349,0.2244979134268081,0.06761228499644752
12722,-0.07536223336329032,-0.03533985296740041,-0.1169896842294357
12723,-0.8853408475842623,0.09457903022970385,-0.14732740670890915
12724,-0.8753411116062256,-0.03533985296740041,-0.11322974782880241
12725,2.784562256355203,-0.4250965025587132,-0.18041551487398502
12726,-0.6453471841113817,0.35441679662391234,0.06237753636051545
12727,-0.8153426957380054,0.35441679662391234,0.21504564669528867
12728,-0.215358537055804,-0.03533985296740041,-0.13494343619575166
12729,0.21463010999977375,-0.4250965025587132,-0.17760947589648457
12731,-0.6853461280235285,1.0040112126094336,1.8752067183971795
12732,0.8746126845501954,-0.4250965025587132,-0.20173517793429596
12733,1.4145984273641767,-0.4250965025587132,-0.18529630857344537
12734,2.604567008750543,-0.4250965025587132,-0.215744224570877
12735,2.2245770415851487,-0.2951776193616089,-0.14126119789202002
12736,2.4045722891898094,-0.4250965025587132,-0.2019867308136752
12738,2.79456199233324,-0.4250965025587132,-0.21074099362924092
12739,-0.14536038520954717,-0.2951776193616089,-0.11527444977313735
12740,-0.28535668890206084,-0.4250965025587132,-0.18043777619074428
12743,0.41462482956050756,-0.2951776193616089,-0.16791244631616561
12744,-0.4053535206385011,0.35441679662391234,2.1404926040852024
12747,-0.9053403195403357,0.8740923294123294,0.23901106725243368
12748,-0.9153400555183724,26.598031202438975,3.451005191042469
12749,-0.8853408475842623,0.09457903022970385,0.22730940609794642
12750,0.3646261496703241,-0.4250965025587132,-0.19732521108429324
12752,-0.11536117727543709,-0.4250965025587132,0.25801889256729893
12753,-0.6953458640015652,0.2244979134268081,2.1571997223130013
12754,1.4345978993202502,-0.16525873616450468,0.10708271267639348
12755,1.8845860183319012,-0.2951776193616089,0.1962626606796916
12756,-0.05536276140721694,-0.4250965025587132,-0.2155572295100995
12757,-0.7653440158478221,1.133930095806538,0.6440156553163876
12758,0.24462931793388382,-0.2951776193616089,0.08268987483747142
12759,-0.4053535206385011,-0.16525873616450468,-0.05757311673322304
12762,-0.8453419036721156,-0.2951776193616089,-0.01671469595333929
12763,0.4546237734726543,-0.2951776193616089,-0.17303811449997747
12764,2.244576513541222,-0.4250965025587132,-0.039492475261379514
12766,-0.8853408475842623,0.35441679662391234,0.5499593658769811
12769,1.4645971072543602,-0.4250965025587132,-0.1007422621927145
12770,1.1846044998693328,-0.4250965025587132,-0.07760718875068866
12772,-0.3253556328142076,-0.4250965025587132,-0.12869468458143685
12775,-0.7553442798697854,0.09457903022970385,-0.07375709401718049
12778,-0.7253450719356752,0.2244979134268081,-0.13651285902727708
12779,-0.5453498243310149,0.4843356798210166,0.21511910904059417
12781,-0.28535668890206084,-0.2951776193616089,-0.13601086633435655
12782,-0.8753411116062256,0.09457903022970385,0.03141427088010775
12783,-0.9053403195403357,0.2244979134268081,0.019725966515676013
12784,-0.8353421676940789,-0.2951776193616089,-0.16872609744371533
12785,2.714564104508946,-0.4250965025587132,-0.1933103826067668
12787,-0.8253424317160422,-0.16525873616450468,-0.17642406077905576
12789,-0.2753569529240241,-0.4250965025587132,-0.21780896170029523
12790,0.9946095162866356,-0.4250965025587132,-0.19186673621493097
12791,2.814561464289313,-0.4250965025587132,-0.20659482338283505
12792,1.6445923548590207,-0.4250965025587132,-0.18344973234826756
12793,2.4245717611458826,-0.2951776193616089,-0.16731695609285632
12794,-0.39535378466046445,-0.2951776193616089,-0.13226317365794082
12795,-0.7353448079137119,-0.4250965025587132,-0.1801172132294114
12797,2.73456357646502,-0.4250965025587132,-0.1997572599402387
12798,-0.8253424317160422,-0.16525873616450468,0.5485580159869878
12802,0.9446108363964523,-0.4250965025587132,-0.1804400023224202
12808,-0.5553495603090515,-0.16525873616450468,-0.1741990421689711
12809,0.854613212594122,-0.4250965025587132,-0.17356904690468503
12811,1.6845912987711673,-0.16525873616450468,-0.17072627675453184
12812,-0.47535167248475796,-0.4250965025587132,-0.20247202751902635
12814,0.09463327826333344,-0.4250965025587132,-0.21401674639036103
12815,0.5546211332530212,-0.2951776193616089,-0.10966237181813641
12816,0.03463486239511329,-0.2951776193616089,-0.16434284417382372
12817,1.8845860183319012,-0.4250965025587132,-0.20955112624846028
12818,1.6945910347492041,-0.4250965025587132,-0.05638881468163222
12820,-0.8953405835622991,-0.03533985296740041,-0.12314382524752378
12821,1.2146037078034428,-0.4250965025587132,-0.2177121249723926
12822,-0.215358537055804,-0.2951776193616089,-0.12241588018949709
12823,-0.17535959314365723,0.09457903022970385,-0.032188537232677415
12824,-0.3253556328142076,-0.4250965025587132,-0.18383040086485034
12826,-0.8953405835622991,0.35441679662391234,-0.06388642616613958
12827,-0.8653413756281889,-0.16525873616450468,-0.18015394440206411
12828,-0.8953405835622991,0.2244979134268081,-0.11464334144301327
12829,2.444571233101956,-0.2951776193616089,-0.1954196423697035
12830,-0.5453498243310149,0.2244979134268081,0.5304818267784962
12831,1.6945910347492041,-0.4250965025587132,-0.2040959905766119
12832,-0.6053482401992349,-0.2951776193616089,-0.1853987106305378
12833,0.5246219253189112,-0.4250965025587132,-0.1815753294771407
12834,1.9045854902879746,-0.4250965025587132,-0.19326252077573444
12836,-0.3353553687922443,-0.03533985296740041,0.0625177826560986
12837,0.8046145327039386,-0.4250965025587132,-0.2131062585349087
12838,-0.5853487682431616,-0.2951776193616089,-0.15324001244015964
12839,-0.8953405835622991,1.2638489790036422,0.3943293873473928
12840,0.5146221893408744,-0.03533985296740041,0.07547498207580619
12841,-0.8753411116062256,2.692956694171789,0.2162566623269906
12842,-0.22535827303384068,-0.2951776193616089,-0.10348151721993726
12843,-0.26535721694598746,0.4843356798210166,-0.03855972608916795
12844,-0.6353474481333451,-0.2951776193616089,-0.19175097736778302
12845,1.7445897146393876,-0.03533985296740041,-0.18861992316559786
12847,-0.7053455999796019,-0.4250965025587132,-0.13412978506820195
12849,-0.6153479761772717,-0.2951776193616089,-0.1155805428785767
12851,0.04463459837314998,-0.4250965025587132,-0.21336115061180183
12852,2.024582322024415,-0.4250965025587132,-0.19335490524028526
12853,0.4246245655385443,0.2244979134268081,-0.010194356274561946
12854,-0.13536064923151048,-0.16525873616450468,-0.08152518050031247
12855,2.8045617283112767,-0.4250965025587132,-0.2237916905793373
12856,-0.8453419036721156,0.2244979134268081,0.013589634550995353
12857,1.1846044998693328,-0.2951776193616089,-0.10488286710993054
12863,-0.4053535206385011,-0.4250965025587132,-0.1700194799474264
12864,0.4546237734726543,-0.4250965025587132,-0.2116570468138831
12865,-0.6653466560674551,-0.2951776193616089,-0.05347814751536339
12866,1.9045854902879746,-0.4250965025587132,-0.16579873428987713
12867,-0.6653466560674551,0.35441679662391234,0.2182334672552099
12868,0.9346111004184156,0.2244979134268081,-0.049156112866559624
12871,-0.085361969341327,-0.2951776193616089,-0.18566473336581057
12872,2.344573873321589,-0.2951776193616089,-0.16125186034180516
12873,1.8945857543099378,-0.4250965025587132,-0.18640380908221688
12875,0.5046224533628378,-0.2951776193616089,-0.18982871266562382
12876,-0.345355104770281,-0.2951776193616089,0.018847757569524556
12877,-0.8853408475842623,1.0040112126094336,-0.0570911592253858
12878,1.4345978993202502,-0.2951776193616089,-0.13286645534211583
12879,-0.47535167248475796,-0.16525873616450468,-0.16422931145835165
12881,1.8345873384417177,-0.4250965025587132,-0.19486310945072283
12882,-0.8353421676940789,-0.2951776193616089,-0.06518648706487841
12883,-0.6753463920454919,-0.03533985296740041,-0.1497316289189056
12884,-0.04536302542918024,-0.4250965025587132,-0.1936331716997756
12885,-0.29535642488009756,-0.16525873616450468,-0.09722274801308081
12886,-0.24535774498991408,-0.2951776193616089,-0.07460747631738292
12888,1.2146037078034428,-0.2951776193616089,-0.18861658396808398
12890,-0.6853461280235285,-0.4250965025587132,-0.1861010551742914
12891,0.9346111004184156,-0.16525873616450468,-0.19118999218545052
12893,-0.6153479761772717,-0.4250965025587132,-0.20838129405276296
12895,-0.505350880418868,-0.2951776193616089,-0.18653737698277223
12897,1.1246060840011127,-0.2951776193616089,-0.2039345960301075
12901,-0.8353421676940789,3.082713343763102,1.7370340644701763
12902,1.7245902426833142,-0.4250965025587132,-0.21259647438112242
12904,-0.7453445438917486,-0.2951776193616089,-0.17281772746406113
12906,-0.8053429597599688,0.09457903022970385,0.09696160501181131
12908,0.8346137406380486,-0.2951776193616089,-0.14455253357487163
12909,-0.5253503523749414,0.09457903022970385,0.014467843497146813
12910,-0.6953458640015652,0.4843356798210166,0.11423972601448472
12912,-0.8953405835622991,0.09457903022970385,-0.04300753717766135
12913,-0.8753411116062256,0.09457903022970385,0.048411899291614914
12915,0.5646208692310579,-0.2951776193616089,-0.18755583222450684
12916,0.46462350945069103,-0.03533985296740041,0.09975985252844602
12917,0.3546264136922874,-0.4250965025587132,-0.16191636064706807
12919,-0.8453419036721156,0.2244979134268081,-0.07941703380321374
12920,-0.7553442798697854,-0.4250965025587132,-0.20991398571163566
12921,-0.8353421676940789,4.25198329253704,1.618219851596996
12922,0.6846177009674982,-0.4250965025587132,-0.1829110084826943
12923,-0.28535668890206084,-0.4250965025587132,-0.2087964676103225
12924,-0.04536302542918024,-0.03533985296740041,-0.12410551413152236
12925,-0.8753411116062256,-0.2951776193616089,-0.15078013693826517
12928,-0.5753490322651249,0.09457903022970385,0.001559618974309475
12929,2.1945778336510386,-0.4250965025587132,-0.21491499052159582
12930,-0.14536038520954717,-0.2951776193616089,-0.18175119387953861
12931,-0.7053455999796019,1.3937678622007466,4.453072764444762
12933,-0.6853461280235285,-0.16525873616450468,-0.16041038256830642
12935,-0.9053403195403357,0.35441679662391234,0.01246766418633031
12936,-0.7553442798697854,-0.03533985296740041,-0.1096133969212661
12937,-0.7753437518258587,-0.03533985296740041,-0.060597316614963925
12938,-0.6653466560674551,-0.4250965025587132,-0.21532793794747945
12939,-0.28535668890206084,0.4843356798210166,1.0610981207880597
12940,-0.37535431270439107,-0.2951776193616089,-0.12789105104642878
12942,0.3846256216263975,-0.16525873616450468,-0.15283374340930378
12944,-0.5653492962870882,-0.2951776193616089,-0.16074652845137072
12945,1.954584170178158,-0.4250965025587132,-0.17650308845355103
12947,0.5146221893408744,0.2244979134268081,-0.04949782407881374
12948,-0.7653440158478221,0.35441679662391234,0.0018100587878507697
12949,-0.6153479761772717,0.4843356798210166,0.23580655070494308
12950,-0.9053403195403357,-0.16525873616450468,-0.02289443748570048
12951,-0.8353421676940789,0.2244979134268081,-0.10959447480202078
12952,-0.8653413756281889,-0.03533985296740041,-0.07356230749553726
12953,-0.8253424317160422,-0.4250965025587132,-0.19131799475681607
12955,-0.9153400555183724,0.8740923294123294,0.30147075674963253
12956,2.1345794177828186,-0.4250965025587132,-0.216003568911122
12957,-0.8253424317160422,0.4843356798210166,0.21914618124233817
12962,-0.8553416396501522,-0.2951776193616089,-0.19838151056451855
12963,-0.8453419036721156,0.4843356798210166,-0.0213773287485592
12965,-0.03536328945114355,-0.4250965025587132,-0.14234755014987027
12966,-0.8253424317160422,-0.4250965025587132,-0.2102033828295056
12967,2.654565688640726,-0.2951776193616089,-0.04316336639497592
12968,0.19463063804370034,-0.4250965025587132,-0.21290034135488584
12970,-0.8553416396501522,-0.03533985296740041,-0.18290099089015263
12971,-0.8853408475842623,10.618008569195148,1.017478183664194
12974,1.0546079321548558,-0.4250965025587132,-0.2119152780882901
12976,1.1946042358473694,-0.4250965025587132,-0.14582142863014752
12977,0.6346190210773148,-0.4250965025587132,-0.22366480107380968
12980,0.6546184930333881,0.6142545630181209,0.5928424534161163
12981,-0.6253477121553084,-0.2951776193616089,-0.186601934801374
12982,1.5045960511665069,-0.4250965025587132,-0.18456279818622887
12984,-0.7353448079137119,-0.4250965025587132,-0.2171800795018471
12985,-0.9153400555183724,-0.2951776193616089,-0.09008131759672104
12987,-0.18535932912169392,-0.2951776193616089,-0.1658454830550715
12988,1.9945831140903048,-0.4250965025587132,-0.1717313752062109
12989,-0.8953405835622991,1.3937678622007466,0.5426665585066586
12990,-0.6153479761772717,-0.16525873616450468,-0.18245242535745423
12991,-0.6953458640015652,-0.2951776193616089,-0.17196066676883093
12993,-0.6953458640015652,-0.03533985296740041,-0.18186695272668657
12994,-0.8853408475842623,-0.16525873616450468,-0.11957311003934391
12995,-0.07536223336329032,-0.4250965025587132,-0.20451116413417147
12997,-0.7053455999796019,-0.03533985296740041,-0.09147153682833473
12999,1.0346084601987824,-0.16525873616450468,-0.17729002600098967
13000,0.1446319581535169,-0.16525873616450468,-0.16850014507860922
13001,-0.8853408475842623,1.133930095806538,0.8612104184094538
13002,2.2545762495192587,-0.4250965025587132,-0.2145699401118278
13003,0.1346322221754802,-0.16525873616450468,-0.21144222510715655
13004,-0.8053429597599688,1.7835245117920593,0.4015075489364052
13005,0.8146142686819752,-0.2951776193616089,-0.17085427932589736
13006,-0.36535457672635435,-0.4250965025587132,-0.21895319338171945
13008,2.3045749294094424,-0.4250965025587132,-0.2024909496382717
13011,2.79456199233324,-0.4250965025587132,-0.22240592361107545
13012,-0.8353421676940789,0.4843356798210166,-0.04472833696314954
13013,-0.9153400555183724,1.133930095806538,0.3074568248261884
13014,-0.8153426957380054,0.7441734462152251,0.15778731385888303
13015,-0.39535378466046445,0.09457903022970385,0.14369144808694095
13016,-0.1953590650997306,-0.16525873616450468,-0.14011251394724397
13017,-0.8553416396501522,-0.4250965025587132,-0.20532592832755914
13018,-0.7653440158478221,3.082713343763102,0.5820234534711325
13021,-0.8853408475842623,0.6142545630181209,0.06318784829055131
13023,-0.28535668890206084,-0.2951776193616089,-0.15124205926101908
13026,-0.9153400555183724,0.09457903022970385,-0.11946848185057554
13027,0.21463010999977375,0.2244979134268081,0.5413186357768873
13028,-0.6953458640015652,-0.2951776193616089,-0.1544232014259125
13029,-0.6153479761772717,-0.16525873616450468,-0.08917750813629648
13030,-0.8153426957380054,-0.2951776193616089,-0.14428094551040907
13032,-0.4053535206385011,-0.2951776193616089,-0.11559278660279429
13033,2.6445659526626897,-0.4250965025587132,-0.2068230018796171
13034,-0.37535431270439107,-0.2951776193616089,-0.15648793855533075
13035,-0.18535932912169392,-0.2951776193616089,-0.12542115795199263
13037,0.4546237734726543,-0.16525873616450468,-0.12996357963671273
13038,-0.1253609132534738,-0.16525873616450468,-0.12691489230653671
13040,-0.8353421676940789,-0.2951776193616089,-0.15267902725782714
13043,1.8045881305076077,-0.4250965025587132,-0.1705515254179719
13044,1.9845833781122681,-0.4250965025587132,-0.16564847040175232
13045,0.06463407032922336,-0.4250965025587132,-0.194052797520687
13046,-0.6153479761772717,-0.2951776193616089,-0.1579861251732267
13047,-0.6053482401992349,0.7441734462152251,0.132327045881356
13048,-0.7853434878038954,-0.03533985296740041,-0.0255201597974512
13049,-0.28535668890206084,-0.2951776193616089,-0.15493966397472658
13050,-0.7753437518258587,1.653605628594955,0.42164847527431515
13052,1.1946042358473694,-0.4250965025587132,-0.18928108427334686
13055,-0.14536038520954717,-0.16525873616450468,-0.09286064299411044
13058,-0.6753463920454919,-0.16525873616450468,-0.19782386457969992
13059,1.5745942030127638,-0.4250965025587132,-0.20761884395375943
13060,1.6145931469249106,-0.4250965025587132,-0.1938023577071457
13061,-0.2053588010777673,-0.4250965025587132,-0.20036054162441372
13062,0.984609780308599,-0.4250965025587132,-0.18941131297638833
13064,-0.7953432237819321,-0.03533985296740041,-0.10497302544280543
13065,2.8045617283112767,-0.4250965025587132,-0.20511889808169834
13066,-0.6853461280235285,-0.2951776193616089,-0.1756293317707514
13067,-0.1053614412974004,-0.4250965025587132,-0.2151810132568686
13068,-0.8253424317160422,-0.2951776193616089,-0.1897430065961008
13069,-0.9153400555183724,2.5630378109746847,0.2652159762755567
13070,0.9946095162866356,-0.4250965025587132,-0.2025655250494151
13072,1.7445897146393876,-0.4250965025587132,-0.20831451010248525
13075,0.3746258856483608,-0.4250965025587132,-0.12567382389720985
13077,-0.9153400555183724,-0.03533985296740041,-0.1469990522867106
13078,-0.8953405835622991,2.8228755773688934,1.1775403903605444
13079,-0.8853408475842623,0.09457903022970385,-0.20353389232844143
13080,0.8646129485721586,-0.4250965025587132,-0.2215677850350906
13081,-0.8053429597599688,0.8740923294123294,2.9261044901108364
13082,0.33462694173621405,0.6142545630181209,0.17418833898124292
13083,-0.8853408475842623,-0.2951776193616089,-0.19422309659389508
13085,0.6546184930333881,-0.2951776193616089,-0.1817200280360757
13089,-0.8953405835622991,12.047116284363295,6.312573910132983
13090,-0.8353421676940789,1.2638489790036422,0.7638004616002698
13091,-0.6453471841113817,-0.4250965025587132,-0.18954042861359185
13092,-0.215358537055804,0.09457903022970385,-0.1748468464866646
13093,1.8345873384417177,0.4843356798210166,0.6437730069637122
13094,-0.7153453359576386,1.0040112126094336,-0.013509066340010723
13095,-0.215358537055804,-0.4250965025587132,-0.21975126158753772
13097,-0.5953485042211982,0.7441734462152251,0.4401654385546395
13098,-0.9153400555183724,3.082713343763102,2.986773256674755
13099,0.06463407032922336,-0.4250965025587132,-0.20495193820600413
13101,1.4145984273641767,-0.4250965025587132,-0.21676935820763937
13102,-0.9153400555183724,2.5630378109746847,0.4870110404769171
13103,-0.5253503523749414,-0.4250965025587132,-0.20088034337074168
13104,-0.8953405835622991,0.2244979134268081,-0.10576441525359591
13106,0.4046250935824709,-0.4250965025587132,-0.21951751776156583
13107,-0.4853514084627947,-0.03533985296740041,-0.057553081548139755
13108,2.8045617283112767,-0.4250965025587132,-0.18906848869829626
13109,-0.3253556328142076,-0.2951776193616089,-0.140485391002961
13110,-0.6153479761772717,0.35441679662391234,-0.06233369932218356
13113,-0.9153400555183724,2.5630378109746847,1.135023501482098
13115,-0.8053429597599688,-0.03533985296740041,0.027391650941715594
13116,0.4546237734726543,-0.4250965025587132,-0.1722522900183768
13117,-0.7053455999796019,0.4843356798210166,-0.11840550397532253
13118,-0.7253450719356752,0.09457903022970385,-0.09470833228512622
13120,1.4645971072543602,-0.4250965025587132,-0.22462648995780826
13121,1.7645891865954608,-0.4250965025587132,-0.1964514544014936
13122,0.014635390439039907,-0.2951776193616089,-0.12536439159425664
13124,-0.02536355347310686,-0.16525873616450468,0.1900717884889508
13126,-0.8753411116062256,0.4843356798210166,0.0056712841797385595
13127,-0.14536038520954717,-0.4250965025587132,-0.1991851440995266
13130,0.014635390439039907,-0.4250965025587132,-0.22090885005901748
13131,-0.6953458640015652,-0.16525873616450468,-0.10856711503358249
13132,1.6945910347492041,-0.4250965025587132,-0.21942847249452893
13133,1.8145878664856443,-0.2951776193616089,-0.21581100852115467
13134,-0.06536249738525363,-0.03533985296740041,-0.02839520885690528
13135,1.0446081961768192,-0.4250965025587132,0.11657271201085163
13136,-0.36535457672635435,0.09457903022970385,0.062211689550659234
13137,-0.8153426957380054,0.4843356798210166,0.1730374289047909
13138,-0.7053455999796019,0.2244979134268081,-0.12091212824241139
13139,-0.7653440158478221,0.35441679662391234,0.3357286971104057
13140,0.1546316941315536,-0.16525873616450468,-0.1810087789656184
13141,-0.07536223336329032,0.09457903022970385,0.037851130621037996
13142,-0.7353448079137119,-0.4250965025587132,-0.19385133260401602
13144,2.4045722891898094,-0.4250965025587132,-0.21568300594978912
13145,-0.5253503523749414,-0.03533985296740041,-0.15918712321238693
13146,-0.6653466560674551,-0.4250965025587132,-0.2025532813251975
13147,-0.8253424317160422,-0.03533985296740041,-0.1486931384920877
13148,-0.6353474481333451,1.0040112126094336,0.18193861641096754
13149,-0.7853434878038954,-0.03533985296740041,-0.04147595858462659
13151,2.0345820580024516,-0.4250965025587132,-0.0880232588623306
13153,-0.8653413756281889,-0.4250965025587132,-0.17391298424861507
13155,-0.5953485042211982,-0.03533985296740041,-0.11986918555224163
13157,-0.4353527285726112,-0.03533985296740041,-0.034223221584470685
13158,0.0246351264170766,-0.03533985296740041,-0.0943465858877888
13159,-0.8353421676940789,-0.03533985296740041,-0.06893640587297006
13160,-0.7053455999796019,-0.4250965025587132,-0.21781452702948503
13161,2.2045775696290755,-0.4250965025587132,-0.2154826540989561
13162,0.2946279978240673,-0.03533985296740041,-0.04011467906479991
13165,-0.4653519365067213,-0.2951776193616089,-0.11433502220589799
13166,1.9045854902879746,-0.4250965025587132,-0.181595364662224
13167,-0.7353448079137119,-0.03533985296740041,-0.13995223246657754
13168,-0.5653492962870882,-0.03533985296740041,-0.08337954818635603
13169,-0.28535668890206084,-0.2951776193616089,-0.148684233965384
13170,-0.6553469200894184,-0.4250965025587132,-0.21592120203911286
13171,-0.7053455999796019,-0.16525873616450468,-0.17589535450602414
13173,-0.8853408475842623,-0.2951776193616089,-0.18866889806246814
13174,-0.7653440158478221,-0.16525873616450468,0.07726145274573411
13176,-0.4653519365067213,-0.4250965025587132,-0.17443946438997077
13177,-0.2753569529240241,-0.4250965025587132,-0.19659392682875265
13178,-0.6653466560674551,0.8740923294123294,0.4092500349052642
13182,-0.47535167248475796,-0.4250965025587132,-0.2145443395975547
13183,-0.8453419036721156,0.6142545630181209,0.2124944997946814
13184,-0.7753437518258587,0.7441734462152251,-0.04226734839541707
13185,1.7545894506174242,-0.4250965025587132,-0.2200851813389261
13186,-0.5253503523749414,-0.16525873616450468,-0.05262553908348501
13187,2.444571233101956,-0.4250965025587132,-0.20176189151440704
13188,-0.8153426957380054,-0.4250965025587132,-0.21527673691893326
13189,-0.7353448079137119,-0.2951776193616089,-0.19901707115799444
13192,0.0246351264170766,-0.2951776193616089,-0.12652754539492617
13193,-0.31535589683617093,-0.4250965025587132,-0.2155572295100995
13194,0.43462430151658094,-0.4250965025587132,-0.2212761617855447
13196,-0.8153426957380054,-0.03533985296740041,-0.027927721204961526
13198,-0.8253424317160422,0.2244979134268081,0.15054793364878263
13199,-0.8853408475842623,4.381902175734145,0.8646776184947035
13200,-0.7353448079137119,-0.03533985296740041,-0.13118572592679426
13203,-0.8253424317160422,-0.03533985296740041,-0.13125584907458582
13207,-0.7753437518258587,-0.2951776193616089,-0.20017688576115011
13208,-0.3353553687922443,0.2244979134268081,-0.09250000966261097
13209,-0.6253477121553084,0.4843356798210166,0.4277425107371533
13210,0.014635390439039907,-0.4250965025587132,-0.18868782018171348
13211,-0.8253424317160422,-0.16525873616450468,-0.10610501340001206
13212,-0.7253450719356752,-0.16525873616450468,-0.14045311209366013
13213,-0.3553548407483177,0.09457903022970385,-0.05878190623324903
13216,1.7545894506174242,-0.4250965025587132,-0.1908850121458491
13217,0.2946279978240673,-0.16525873616450468,-0.16859698180651184
13218,0.3446266777142507,-0.4250965025587132,-0.2210602270129802
13220,-0.14536038520954717,-0.03533985296740041,-0.13684010038363772
13221,1.4745968432323968,-0.2951776193616089,-0.13371015924729052
13223,1.0746074041109293,-0.2951776193616089,-0.20986723694644127
13224,-0.3253556328142076,-0.2951776193616089,0.011938957913298688
13225,-0.8953405835622991,0.35441679662391234,0.49143547718281333
13226,1.8045881305076077,-0.4250965025587132,-0.21598798598939054
13227,1.0946068760670027,-0.4250965025587132,-0.1993487647777069
13228,-0.11536117727543709,-0.4250965025587132,-0.18818471442295498
13229,1.3346005395398832,-0.4250965025587132,-0.21011767675998258
13230,-0.8853408475842623,1.2638489790036422,0.07868729008416255
13232,-0.7953432237819321,0.35441679662391234,-0.0801783708363793
13233,-0.18535932912169392,-0.2951776193616089,-0.1606786314352551
13235,1.1946042358473694,-0.4250965025587132,-0.1132675920672931
13236,-0.6753463920454919,-0.2951776193616089,-0.14512576248142173
13238,-0.7553442798697854,-0.03533985296740041,-0.150036608958507
13239,1.6945910347492041,-0.4250965025587132,-0.19135027366611695
13240,0.03463486239511329,-0.03533985296740041,-0.15416385708566754
13242,0.19463063804370034,-0.16525873616450468,-0.19793517116349604
13243,1.1046066120450393,-0.4250965025587132,-0.16290476311117771
13244,0.004635654461003215,-0.4250965025587132,-0.21448200791062888
13245,-0.4153532566165378,-0.4250965025587132,-0.18011498709773546
13246,-0.7453445438917486,0.2244979134268081,-0.009702381174183039
13247,-0.7453445438917486,-0.03533985296740041,-0.17225451615005272
13248,0.32462720575817733,-0.2951776193616089,-0.1761992214797876
13249,-0.0053640815170334765,-0.16525873616450468,-0.14884785464356434
13253,0.6446187570553514,-0.2951776193616089,-0.11334216747843649
13255,-0.8353421676940789,-0.2951776193616089,-0.18356437812957757
13258,-0.8053429597599688,-0.16525873616450468,-0.15314206264641905
13259,-0.3053561608581342,-0.4250965025587132,-0.1965126730225815
13260,-0.31535589683617093,-0.4250965025587132,-0.16596569416557133
13261,1.7645891865954608,-0.2951776193616089,-0.12294792566004262
13262,1.7045907707272407,-0.4250965025587132,-0.2057388757534428
13263,-0.9153400555183724,3.992145526142832,0.5997468008089905
13265,-0.39535378466046445,0.09457903022970385,0.004894364224841563
13266,-0.8153426957380054,1.0040112126094336,0.1987459105641833
13267,-0.8953405835622991,1.9134433949891636,0.27523913414639833
13268,-0.7453445438917486,0.8740923294123294,0.12533810548479693
13269,-0.9153400555183724,1.3937678622007466,0.3667097716442208
13270,2.73456357646502,-0.4250965025587132,-0.1623615869822526
13271,-0.5553495603090515,-0.4250965025587132,-0.2044922420149261
13272,-0.6153479761772717,-0.2951776193616089,-0.19724952260731188
13273,0.20463037402173703,-0.4250965025587132,-0.21256308240598357
13276,-0.28535668890206084,-0.2951776193616089,-0.1622580718593222
13277,-0.7653440158478221,-0.03533985296740041,-0.1992708501690496
13278,-0.5153506163969047,-0.4250965025587132,-0.1676230491982957
13279,-0.14536038520954717,-0.4250965025587132,-0.2126999895040528
13280,0.2946279978240673,-0.16525873616450468,-0.13915861652411113
13282,-0.7453445438917486,-0.16525873616450468,-0.10201783564301813
13283,-0.3253556328142076,-0.2951776193616089,-0.21760749678362423
13284,2.3845728172337357,-0.4250965025587132,-0.20563869982802627
13285,-0.6953458640015652,-0.03533985296740041,0.07351042087180447
13291,0.6346190210773148,-0.4250965025587132,-0.187838550947349
13292,-0.5353500883529781,-0.2951776193616089,-0.1635926377990378
13294,0.9746100443305623,-0.2951776193616089,-0.1307794568959384
13295,2.6745651605967997,-0.4250965025587132,-0.2056375867621883
13296,0.44462403749461765,-0.4250965025587132,-0.218304275998188
13297,-0.8453419036721156,-0.03533985296740041,0.004581592724374441
13298,-0.9153400555183724,-0.4250965025587132,-0.18796210125536272
13299,1.7545894506174242,-0.4250965025587132,-0.2121712832310212
13300,0.7646155887917918,-0.4250965025587132,-0.18663866597402673
13301,0.11463275021940682,-0.03533985296740041,-0.15923498504341926
13302,0.6246192850992781,-0.4250965025587132,-0.2209366767049665
13304,2.584567536794469,-0.4250965025587132,-0.19459374751793618
13305,-0.8853408475842623,0.7441734462152251,-0.005323580167643255
13307,0.2746285258679939,-0.4250965025587132,-0.2263628726650279
13308,-0.6953458640015652,-0.16525873616450468,-0.07381608650659244
13309,-0.8553416396501522,0.09457903022970385,-0.06588215321360423
13310,-0.6453471841113817,-0.16525873616450468,-0.10203007936723572
13311,-0.8853408475842623,-0.2951776193616089,-0.16140768955911972
13313,-0.7053455999796019,0.09457903022970385,-0.054915115512171445
13314,-0.9053403195403357,-0.16525873616450468,-0.1416652407912
13316,-0.5553495603090515,-0.03533985296740041,0.4100803820203833
13317,-0.26535721694598746,0.2244979134268081,0.02504308202361719
13318,-0.9153400555183724,-0.16525873616450468,-0.15671166478876097
13319,-0.8753411116062256,2.8228755773688934,0.9791486484681583
13320,-0.14536038520954717,-0.03533985296740041,-0.05748852372953798
13321,-0.2053588010777673,-0.2951776193616089,-0.16488156803939696
13322,-0.7553442798697854,-0.4250965025587132,-0.20582903408631764
13323,-0.8953405835622991,0.09457903022970385,-0.14033957937818808
13324,-0.5653492962870882,0.7441734462152251,0.5646874530448851
13325,-0.1053614412974004,-0.4250965025587132,-0.15286713538444263
13327,-0.5353500883529781,0.4843356798210166,0.1757622140761202
13328,2.2345767775631855,-0.4250965025587132,-0.0823900326564084
13329,-0.6053482401992349,-0.2951776193616089,-0.14021157680682253
13330,0.004635654461003215,-0.16525873616450468,-0.10103945077145014
13332,-0.7853434878038954,-0.4250965025587132,-0.1889749911679075
13334,-0.1053614412974004,-0.16525873616450468,0.16179880313889558
13336,-0.15536012118758386,-0.4250965025587132,-0.13953038051399022
13338,0.6546184930333881,-0.4250965025587132,-0.17382393898157816
13339,1.0846071400889659,-0.4250965025587132,-0.1322954525672417
13340,-0.47535167248475796,0.35441679662391234,0.9670084393735143
13341,1.6845912987711673,-0.4250965025587132,-0.14167525838374165
13343,0.854613212594122,-0.4250965025587132,-0.18869338551090328
13344,-0.24535774498991408,-0.16525873616450468,0.051535162032934345
13345,1.954584170178158,-0.4250965025587132,-0.18467855703337685
13347,-0.22535827303384068,-0.4250965025587132,-0.1900368559773226
13348,-0.28535668890206084,-0.4250965025587132,-0.2020134443937863
13349,-0.8153426957380054,-0.4250965025587132,-0.20050412711751076
13350,-0.7653440158478221,-0.2951776193616089,-0.11904996909550211
13351,-0.26535721694598746,-0.4250965025587132,-0.18641048747724465
13352,-0.3253556328142076,-0.4250965025587132,-0.18373467720278566
13354,-0.215358537055804,-0.4250965025587132,-0.1452726871720326
13355,0.2946279978240673,-0.4250965025587132,-0.15293391933472028
13356,-0.1253609132534738,-0.4250965025587132,-0.1425223014864302
13357,1.6445923548590207,-0.4250965025587132,-0.16020223925660765
13358,1.7645891865954608,-0.4250965025587132,-0.17916554193795448
13359,-0.28535668890206084,-0.4250965025587132,-0.17910654944854254
13362,-0.8353421676940789,-0.03533985296740041,0.11598723938008396
13363,-0.7453445438917486,-0.2951776193616089,-0.11756068700430987
13364,-0.215358537055804,-0.4250965025587132,-0.21301053487284402
13365,-0.5853487682431616,-0.2951776193616089,0.019665860960426107
13366,-0.42535299259457454,-0.4250965025587132,-0.22178149367597913
13368,1.6445923548590207,-0.2951776193616089,-0.1586439470834618
13369,2.73456357646502,-0.4250965025587132,-0.1937188777692986
13370,2.79456199233324,-0.4250965025587132,-0.14401047051178448
13372,-0.02536355347310686,-0.4250965025587132,-0.18588734653340283
13373,-0.31535589683617093,-0.16525873616450468,0.14064276075676496
13375,-0.03536328945114355,-0.4250965025587132,-0.14136359994911246
13376,0.06463407032922336,-0.16525873616450468,-0.11452646953002735
13379,-0.6653466560674551,-0.16525873616450468,-0.16430277380365713
13381,-0.6053482401992349,0.2244979134268081,0.17704669205312754
13382,1.8845860183319012,-0.4250965025587132,-0.20321221630127062
13384,-0.6153479761772717,0.35441679662391234,0.23410467303870025
13385,2.374573081255699,-0.4250965025587132,-0.1685313109220721
13388,0.3846256216263975,-0.2951776193616089,-0.1526667835336096
13389,-0.8153426957380054,-0.16525873616450468,-0.13921426981600918
13390,-0.17535959314365723,-0.4250965025587132,-0.16747278531017093
13391,1.114606348023076,-0.4250965025587132,-0.22137633771096124
13394,-0.9053403195403357,0.4843356798210166,0.05246234587595611
13395,0.9246113644403788,-0.4250965025587132,-0.19378120945622443
13396,-0.6353474481333451,-0.2951776193616089,-0.07654532394127357
13397,-0.1953590650997306,0.09457903022970385,-0.05616063618485013
13398,0.9946095162866356,-0.4250965025587132,-0.17712751838864732
13402,0.3446266777142507,-0.2951776193616089,-0.15888548237029942
13403,-0.7453445438917486,-0.4250965025587132,-0.21968447763726004
13404,-0.9153400555183724,-0.2951776193616089,-0.19992867207928475
13405,-0.18535932912169392,-0.16525873616450468,-0.16431501752787467
13408,-0.9053403195403357,7.499955372464647,2.9015791974371967
13410,-0.6853461280235285,0.09457903022970385,-0.11638528947942273
13411,0.1446319581535169,-0.4250965025587132,-0.2042629504523061
13414,0.41462482956050756,-0.16525873616450468,-0.07326066665344974
13416,-0.4853514084627947,-0.2951776193616089,-0.14872653046722653
13417,-0.8753411116062256,-0.2951776193616089,-0.15670387332789526
13418,-0.8053429597599688,1.7835245117920593,0.453990829327957
13419,-0.28535668890206084,-0.4250965025587132,-0.20342703800799716
13420,0.5746206052090946,-0.2951776193616089,-0.21024011400215833
13421,-0.5253503523749414,-0.2951776193616089,-0.02392847564916653
13422,-0.28535668890206084,-0.4250965025587132,0.06429200960180893
13425,0.1546316941315536,-0.16525873616450468,-0.047247204954455974
13426,-0.9153400555183724,0.7441734462152251,0.1772704182865578
13427,-0.7353448079137119,-0.16525873616450468,-0.16318525570234396
13428,-0.8253424317160422,-0.4250965025587132,-0.20557302894358656
13429,-0.8153426957380054,-0.03533985296740041,-0.1159690028560252
13430,-0.7353448079137119,-0.2951776193616089,-0.15240521306168867
13431,-0.25535748096795075,-0.2951776193616089,-0.08677328592630006
13434,-0.18535932912169392,-0.2951776193616089,-0.16856804209472484
13435,-0.8753411116062256,0.35441679662391234,0.19603336911707156
13436,-0.9053403195403357,-0.4250965025587132,-0.20611731813834966
13437,-0.7853434878038954,0.35441679662391234,0.15130704455027225
13439,1.6245928829029472,-0.4250965025587132,-0.19645368053316953
13441,-0.0053640815170334765,-0.4250965025587132,-0.19501448640468558
13447,-0.6953458640015652,-0.16525873616450468,-0.10235175539440652
13448,-0.7553442798697854,0.2244979134268081,0.16540179725637633
13449,-0.6853461280235285,-0.4250965025587132,-0.19554430574355514
13450,-0.6553469200894184,0.2244979134268081,-0.0005529799861410676
13451,-0.6653466560674551,0.09457903022970385,0.09456294813100471
13452,1.664591826815094,-0.2951776193616089,-0.1623615869822526
13453,0.7346163808576817,-0.2951776193616089,-0.18829824713842702
13455,-0.6753463920454919,-0.2951776193616089,-0.11023226152717262
13456,-0.7453445438917486,0.2244979134268081,-0.031384903697669345
13458,-0.8553416396501522,1.2638489790036422,0.8456942806282732
13460,-0.6353474481333451,-0.2951776193616089,-0.2076143916904076
13461,-0.5353500883529781,-0.16525873616450468,-0.06719445783656061
13462,1.6045934109468738,-0.4250965025587132,-0.211169523976856
13464,-0.345355104770281,-0.4250965025587132,-0.15293614546639622
13466,0.9146116284623421,-0.4250965025587132,-0.19376117427114112
13467,-0.8153426957380054,-0.2951776193616089,-0.1087218311850591
13468,-0.9053403195403357,4.25198329253704,0.40696824993744346
13470,0.06463407032922336,-0.2951776193616089,-0.20966688509560824
13471,-0.9153400555183724,-0.03533985296740041,0.05043879218254246
13473,-0.31535589683617093,-0.2951776193616089,-0.1809898568463731
13474,1.4345978993202502,-0.4250965025587132,-0.2027836859536555
13475,0.984609780308599,-0.03533985296740041,-0.06866593087434546
13476,0.8646129485721586,-0.2951776193616089,-0.09018260658797553
13477,-0.5453498243310149,0.2244979134268081,-0.06612814076379368
13479,1.0846071400889659,-0.2951776193616089,-0.19453475502852424
13481,-0.4653519365067213,0.09457903022970385,-0.02717306256682376
13482,1.3945989554081033,-0.4250965025587132,-0.20748082378985225
13483,-0.26535721694598746,-0.4250965025587132,-0.21241170545202084
13484,1.4845965792104336,-0.4250965025587132,-0.19310446542674398
13485,1.4045986913861401,-0.4250965025587132,-0.17747256879841533
13486,-0.14536038520954717,-0.16525873616450468,-0.10310084870335448
13487,-0.345355104770281,-0.16525873616450468,-0.16398666310567608
13488,-0.7553442798697854,1.133930095806538,0.7701994771027094
13489,0.1246324861974435,-0.03533985296740041,-0.17799793587393306
13491,-0.4053535206385011,0.7441734462152251,-0.0927037007109579
13492,0.43462430151658094,-0.16525873616450468,-0.08669091905429091
13493,1.8245876024636811,-0.2951776193616089,-0.15917487948816936
13494,2.1945778336510386,-0.4250965025587132,-0.19283065123060547
13495,-0.8453419036721156,0.09457903022970385,-0.00042497741477553216
13496,-0.8153426957380054,-0.2951776193616089,-0.15531254103044362
13497,1.9045854902879746,-0.2951776193616089,-0.1892922149317265
13499,-0.7453445438917486,0.09457903022970385,-0.0990158970780365
13500,-0.6953458640015652,-0.16525873616450468,-0.09816328864615813
13501,1.954584170178158,-0.4250965025587132,-0.0788460310283396
13502,-0.7553442798697854,-0.16525873616450468,-0.19553094895349962
13503,-0.215358537055804,-0.4250965025587132,-0.20389563872577887
13504,-0.28535668890206084,-0.4250965025587132,-0.19509351407918082
13505,-0.1953590650997306,-0.03533985296740041,0.2610074743422251
13506,2.2345767775631855,-0.2951776193616089,-0.17699617661976788
13507,-0.8953405835622991,-0.03533985296740041,0.04791435886204618
13508,1.5145957871445437,-0.4250965025587132,-0.2156807798181132
13509,-0.8353421676940789,0.35441679662391234,-0.11898318514522442
13510,-0.9153400555183724,-0.03533985296740041,-0.02862004815617346
13512,1.6845912987711673,-0.4250965025587132,-0.20007114450654379
13513,0.3446266777142507,-0.4250965025587132,-0.2052034910853834
13514,-0.18535932912169392,-0.4250965025587132,-0.2110916093681987
13515,-0.1953590650997306,-0.03533985296740041,-0.12884494846956165
13516,-0.7153453359576386,-0.16525873616450468,-0.07338199082978751
13517,-0.3253556328142076,-0.16525873616450468,0.008874687661391231
13518,-0.06536249738525363,-0.4250965025587132,-0.15822543432838837
13519,-0.14536038520954717,-0.4250965025587132,-0.21436958826099478
13520,-0.3353553687922443,0.2244979134268081,0.17538154555953742
13521,-0.9153400555183724,-0.16525873616450468,-0.10874186637014241
13522,-0.6253477121553084,-0.4250965025587132,-0.2140301031804166
13523,-0.5953485042211982,0.09457903022970385,0.21328477653963393
13524,-0.5153506163969047,0.09457903022970385,-0.1523239592555175
13525,-0.7753437518258587,-0.2951776193616089,-0.15804511766263862
13527,-0.5853487682431616,0.35441679662391234,0.0215569598191224
13529,-0.13536064923151048,-0.2951776193616089,-0.1937767571928726
13531,1.1246060840011127,-0.2951776193616089,-0.1741823461814017
13532,-0.5853487682431616,-0.4250965025587132,-0.20462358378380557
13533,0.9046118924843054,-0.16525873616450468,-0.198080982788269
13534,-0.9053403195403357,2.692956694171789,0.42534607998802265
13536,-0.9153400555183724,0.35441679662391234,0.15535081273958568
13538,-0.49535114444083134,0.35441679662391234,-0.08546543356669552
13539,-0.06536249738525363,-0.16525873616450468,-0.15776017280812052
13544,-0.5253503523749414,-0.2951776193616089,-0.19730517589920996
13546,-0.8053429597599688,-0.16525873616450468,-0.15890106529203085
13548,0.03463486239511329,-0.2951776193616089,-0.1525487985547857
13549,-0.6653466560674551,0.35441679662391234,-0.1258307661803624
13551,2.2645759854972956,-0.4250965025587132,-0.21781452702948503
13552,-0.26535721694598746,1.0040112126094336,0.18826194343642572
13555,-0.18535932912169392,-0.03533985296740041,0.22819985876831547
13557,-0.6453471841113817,-0.2951776193616089,-0.1630227480900016
13558,-0.8653413756281889,-0.03533985296740041,-0.16185848122349408
13560,-0.8553416396501522,-0.4250965025587132,-0.20895229682763708
13561,1.2346031797595163,-0.4250965025587132,-0.2122425194446507
13562,-0.1053614412974004,-0.16525873616450468,-0.027755196000077528
13563,-0.085361969341327,-0.2951776193616089,-0.14148826332296416
13564,0.5146221893408744,-0.16525873616450468,-0.03606534554629665
13565,-0.7353448079137119,-0.2951776193616089,-0.20129440386246328
13566,-0.5153506163969047,-0.2951776193616089,-0.13266053816209297
13568,0.8046145327039386,-0.4250965025587132,-0.20721257492290357
13569,-0.7553442798697854,-0.2951776193616089,-0.190341836016924
13570,1.5045960511665069,-0.4250965025587132,-0.20137565766863444
13571,-0.7953432237819321,1.0040112126094336,0.004480303733119978
13572,1.1346058199791493,-0.4250965025587132,-0.07395633280217556
13573,-0.42535299259457454,-0.2951776193616089,-0.19572573547514285
13575,-0.6953458640015652,0.09457903022970385,-0.14654826062233625
13576,-0.8253424317160422,1.7835245117920593,0.5196516961751325
13577,-0.6753463920454919,-0.03533985296740041,-0.04019148060761924
13579,-0.7753437518258587,-0.2951776193616089,-0.17604784452582486
13581,2.1645786257169286,-0.4250965025587132,-0.2148982945340264
13583,0.6346190210773148,-0.4250965025587132,-0.1410986902796777
13584,2.1445791537608554,-0.4250965025587132,-0.2121824138894008
13587,-0.28535668890206084,-0.4250965025587132,-0.14873766112560616
13588,-0.7653440158478221,0.6142545630181209,0.04789098447944899
13589,-0.7753437518258587,-0.2951776193616089,-0.18577492688376873
13590,-0.8153426957380054,0.2244979134268081,-0.0074317268647419565
13591,-0.2753569529240241,-0.16525873616450468,-0.10368854746579806
13592,-0.5653492962870882,-0.03533985296740041,-0.20043289090388122
13593,0.1546316941315536,0.09457903022970385,-0.004096981614209868
13594,-0.39535378466046445,-0.4250965025587132,-0.18384709685241973
13596,-0.8653413756281889,-0.2951776193616089,-0.1541126560571213
13598,-0.4553522005286846,-0.4250965025587132,-0.21021896575123705
13599,-0.9153400555183724,2.1732811613833722,0.34518753060140095
13600,2.1945778336510386,-0.4250965025587132,-0.2035984501470432
13601,-0.47535167248475796,-0.2951776193616089,-0.15086139074443633
13602,-0.2753569529240241,-0.4250965025587132,-0.18029419069764727
13603,-0.6653466560674551,-0.4250965025587132,-0.20974034744091372
13606,-0.6353474481333451,-0.16525873616450468,-0.19722837435639062
13607,-0.5253503523749414,-0.4250965025587132,-0.15284376100184544
13610,-0.8053429597599688,0.35441679662391234,-0.10756201658190344
13611,-0.03536328945114355,-0.16525873616450468,-0.09954015108771626
13614,-0.6853461280235285,-0.03533985296740041,-0.051560335076556045
13615,2.2645759854972956,-0.4250965025587132,-0.1815408244361639
13617,-0.5253503523749414,-0.16525873616450468,-0.16746165465179133
13618,0.8146142686819752,-0.4250965025587132,-0.208293361851564
13621,0.24462931793388382,-0.4250965025587132,-0.20422955847716726
13623,-0.6153479761772717,0.09457903022970385,-0.1470302181301735
13626,1.6045934109468738,-0.4250965025587132,-0.19940107887209108
13627,-0.3353553687922443,0.09457903022970385,-0.045659973069523144
13629,-0.6953458640015652,0.8740923294123294,0.6393084998876493
13630,-0.8753411116062256,0.35441679662391234,-0.0018819805966668775
13631,0.07463380630726006,0.8740923294123294,0.1137254895973466
13632,-0.6753463920454919,0.09457903022970385,0.007818388181165922
13634,-0.5953485042211982,0.09457903022970385,-0.055801115919188654
13635,-0.24535774498991408,-0.4250965025587132,-0.10881978097879971
13636,-0.5553495603090515,0.09457903022970385,-0.12238916660938605
13637,-0.4053535206385011,-0.16525873616450468,-0.13850858607474173
13638,-0.7653440158478221,-0.4250965025587132,-0.21438183198521235
13639,-0.18535932912169392,-0.4250965025587132,-0.11301492612207589
13642,1.2346031797595163,-0.4250965025587132,-0.1932736514341141
13643,-0.6153479761772717,-0.16525873616450468,-0.1702153795349076
13644,-0.7653440158478221,-0.03533985296740041,0.06406494417086482
13645,0.2746285258679939,-0.4250965025587132,-0.19997208164696526
13647,-0.8253424317160422,-0.03533985296740041,-0.044585864535890495
13649,1.6445923548590207,-0.2951776193616089,-0.18945360947823087
13650,-0.7553442798697854,0.2244979134268081,-0.02363573933378272
13651,-0.5753490322651249,-0.2951776193616089,-0.21754739122837433
13652,-0.4653519365067213,-0.16525873616450468,-0.10614285763850276
13654,-0.49535114444083134,0.2244979134268081,0.0733111820868094
13655,0.21463010999977375,-0.2951776193616089,-0.12418676793769354
13656,0.724616644879645,-0.2951776193616089,-0.18577492688376873
13657,-0.8153426957380054,-0.2951776193616089,-0.1854977734901164
13658,-0.8253424317160422,0.09457903022970385,0.06572452533526513
13659,1.1346058199791493,-0.2951776193616089,-0.05406028094861715
13662,-0.06536249738525363,-0.16525873616450468,-0.12994243138579148
13663,0.8646129485721586,-0.4250965025587132,-0.20694321299011692
13666,-0.3253556328142076,-0.16525873616450468,-0.21861036910362736
13667,0.5646208692310579,-0.4250965025587132,-0.1947462375377369
13668,-0.8953405835622991,2.1732811613833722,0.4742931502123712
13669,-0.4153532566165378,-0.2951776193616089,-0.20370641753332544
13670,-0.17535959314365723,-0.4250965025587132,-0.18910855906846286
13672,2.084580737892635,-0.2951776193616089,-0.20728603726820902
13673,-0.7353448079137119,-0.2951776193616089,-0.18490784859599688
13675,0.5846203411871314,-0.2951776193616089,-0.1738462002983374
13678,0.594620077165168,-0.4250965025587132,-0.2021425600309898
13680,-0.9153400555183724,-0.03533985296740041,0.18593007050589674
13681,-0.7453445438917486,-0.03533985296740041,-0.13588954215801877
13682,0.9446108363964523,-0.4250965025587132,-0.22140972968610007
13684,1.9345846982220847,-0.4250965025587132,-0.22078307361932784
13685,-0.8953405835622991,0.35441679662391234,0.11918173833503294
13686,0.9046118924843054,-0.4250965025587132,-0.22001839738864842
13689,-0.29535642488009756,-0.4250965025587132,-0.12674348016749068
13690,-0.3353553687922443,-0.4250965025587132,-0.2088599123630863
13692,-0.6753463920454919,-0.16525873616450468,-0.06237265662651222
13694,-0.8853408475842623,5.940928774099396,7.011305442176546
13695,-0.6153479761772717,1.3937678622007466,0.0506936842594356
13697,-0.5353500883529781,-0.4250965025587132,-0.21119178529361524
13699,0.6246192850992781,-0.4250965025587132,-0.19368548579415978
13700,-0.6653466560674551,0.7441734462152251,0.022254852099524138
13703,2.2545762495192587,-0.4250965025587132,-0.21695746633425483
13704,-0.8753411116062256,0.6142545630181209,0.028869802374528183
13705,-0.8453419036721156,-0.16525873616450468,-0.14879776668085606
13706,2.1045802098487085,-0.4250965025587132,-0.1912133665680477
13707,1.7445897146393876,-0.2951776193616089,-0.1382737291829319
13708,1.7845886585515343,-0.4250965025587132,-0.1962733638674198
13709,-0.8853408475842623,1.133930095806538,0.47405050185969555
13710,-0.6053482401992349,-0.4250965025587132,-0.20794385917844413
13711,1.2646023876936263,-0.2951776193616089,-0.19997653391031708
13712,1.5445949950786537,-0.4250965025587132,-0.20256107278606325
13715,1.8845860183319012,0.09457903022970385,-0.10811187110585631
13716,1.7645891865954608,-0.4250965025587132,-0.21264099701464087
13717,-0.6053482401992349,0.2244979134268081,-0.06719334477072264
13718,1.5345952591006171,-0.2951776193616089,-0.19391143815926593
13719,-0.7753437518258587,0.09457903022970385,-0.11208662921321615
13720,0.24462931793388382,-0.03533985296740041,-0.1389983350434447
13721,-0.5653492962870882,-0.4250965025587132,-0.16969223859106577
13722,0.3946253576044342,-0.16525873616450468,0.036366300793197595
13723,1.2446029157375529,-0.4250965025587132,-0.2057878506503131
13725,-0.42535299259457454,0.4843356798210166,-0.007583103818704709
13726,-0.5353500883529781,-0.2951776193616089,-0.10785920516063909
13727,-0.6353474481333451,-0.2951776193616089,-0.1909139518576361
13728,-0.5553495603090515,0.2244979134268081,-0.11492939936336935
13730,0.43462430151658094,-0.2951776193616089,-0.1442631364570017
13731,1.2646023876936263,-0.2951776193616089,-0.16006978442189024
13732,-0.6453471841113817,-0.4250965025587132,-0.17328521511600486
13735,-0.6753463920454919,-0.03533985296740041,0.09292451521752564
13736,-0.8753411116062256,-0.2951776193616089,-0.14680092656755347
13737,1.0746074041109293,-0.4250965025587132,-0.1902327555648038
13739,-0.7453445438917486,-0.4250965025587132,-0.20389007339658904
13740,1.4845965792104336,-0.4250965025587132,-0.18899168715547693
13741,-0.2053588010777673,-0.16525873616450468,-0.15363181161512204
13742,-0.7553442798697854,1.0040112126094336,0.11789392116051169
13743,-0.8953405835622991,0.35441679662391234,-0.07870355860108055
13744,0.0246351264170766,-0.2951776193616089,-0.10776348149857443
13745,0.6946174369455349,-0.4250965025587132,-0.19463604401977871
13747,2.814561464289313,-0.4250965025587132,-0.21917246735179785
13748,0.03463486239511329,0.09457903022970385,-0.12248600333728867
13750,-0.38535404868242773,0.09457903022970385,-0.044681588197955154
13751,1.954584170178158,-0.4250965025587132,-0.19505789597236606
13752,0.31462746978014067,0.2244979134268081,-0.09720493895967343
13753,1.954584170178158,-0.4250965025587132,-0.14552535311724982
13754,0.594620077165168,-0.2951776193616089,-0.19657723084118325
13755,-0.8853408475842623,0.6142545630181209,0.00660848561530199
13756,-0.9053403195403357,1.2638489790036422,0.3495952713197278
13758,-0.8053429597599688,0.35441679662391234,0.12709674950877584
13759,-0.5953485042211982,-0.2951776193616089,-0.15463579700096317
13760,-0.38535404868242773,-0.2951776193616089,-0.19611085625507746
13761,-0.42535299259457454,-0.2951776193616089,-0.10886207748064222
13762,1.2646023876936263,-0.4250965025587132,-0.19389251604002056
13763,-0.29535642488009756,-0.4250965025587132,-0.037146132474957086
13764,-0.215358537055804,-0.16525873616450468,-0.05891102187045253
13767,-0.9053403195403357,4.25198329253704,1.688706971917572
13769,-0.9053403195403357,0.7441734462152251,0.08323750322974839
13771,-0.28535668890206084,-0.03533985296740041,0.06519915825974736
13772,-0.5853487682431616,-0.16525873616450468,-0.10307636125491934
13774,-0.1053614412974004,-0.4250965025587132,-0.18963170001230467
13777,-0.9153400555183724,3.732307759748623,2.6633964649035318
13778,0.10463301424137013,-0.4250965025587132,-0.20814198489760125
13780,-0.8553416396501522,-0.2951776193616089,-0.18796098818952475
13781,1.5845939389908004,-0.4250965025587132,-0.21380303774947249
13782,-0.7953432237819321,0.2244979134268081,-0.12687036967301826
13784,-0.8253424317160422,0.8740923294123294,0.04609227008530353
13786,2.744563312443056,-0.4250965025587132,-0.20238743451534127
13787,-0.16535985716562054,-0.2951776193616089,-0.19363428476561353
13790,-0.8853408475842623,-0.4250965025587132,-0.18920873499387938
13791,0.3546264136922874,-0.2951776193616089,-0.05929169038703531
13792,-0.26535721694598746,-0.2951776193616089,-0.20626646896063644
13798,-0.9153400555183724,6.8503609564791255,3.9074356469519107
13799,0.24462931793388382,-0.2951776193616089,-0.15135781810816706
13800,2.1745783616949654,-0.4250965025587132,-0.165887779556914
13801,-0.25535748096795075,-0.4250965025587132,-0.1918800930049865
13802,0.46462350945069103,-0.16525873616450468,0.2839132562216309
13803,1.6245928829029472,-0.4250965025587132,-0.19719275624957586
13804,-0.6153479761772717,0.35441679662391234,0.06007237701009757
13805,-0.4053535206385011,-0.2951776193616089,-0.12511840404406718
13806,-0.28535668890206084,-0.4250965025587132,-0.19949568946831778
13807,2.744563312443056,-0.4250965025587132,-0.21549935008652552
13808,-0.8653413756281889,0.09457903022970385,-0.033506407184823596
13809,2.1245796818047817,-0.4250965025587132,-0.21077438560437975
13810,-0.6353474481333451,-0.16525873616450468,-0.061182789245731575
13811,0.9146116284623421,-0.16525873616450468,-0.1373732589200212
13812,-0.505350880418868,-0.16525873616450468,-0.16803822275585525
13813,-0.5253503523749414,-0.03533985296740041,-0.07589195429439029
13814,-0.0053640815170334765,-0.2951776193616089,-0.052266018817823535
13815,-0.7053455999796019,-0.03533985296740041,0.2202392118952162
13816,-0.6853461280235285,-0.2951776193616089,-0.16440183666323566
13817,-0.6353474481333451,-0.2951776193616089,-0.1854042759597276
13819,2.0945804738706717,-0.16525873616450468,-0.10110400859005192
13821,0.5246219253189112,-0.2951776193616089,-0.18510820044682993
13822,-0.8653413756281889,-0.2951776193616089,-0.1576867104628151
13823,-0.7353448079137119,-0.2951776193616089,-0.12143860838376709
13824,-0.5953485042211982,0.09457903022970385,-0.038929263947371104
13826,0.8346137406380486,-0.4250965025587132,-0.20693987379260304
13827,-0.345355104770281,-0.16525873616450468,-0.18241903338231538
13828,-0.7053455999796019,-0.4250965025587132,-0.2047148551825184
13831,-0.7653440158478221,0.2244979134268081,0.016669487724634256
13832,-0.7353448079137119,-0.4250965025587132,-0.2222222677478118
13833,0.6646182290114249,-0.4250965025587132,-0.185307439231825
13835,-0.6753463920454919,-0.03533985296740041,-0.1351393357832328
13837,1.1946042358473694,-0.2951776193616089,-0.1983592492477593
13838,-0.8653413756281889,-0.03533985296740041,-0.15292056254466474
13841,1.6045934109468738,-0.4250965025587132,-0.21857141179929873
13842,-0.3353553687922443,0.6142545630181209,0.14880932480988707
13844,-0.8153426957380054,-0.4250965025587132,-0.18778178458961298
13845,-0.2753569529240241,-0.4250965025587132,-0.1931957368254568
13846,-0.6753463920454919,-0.16525873616450468,-0.1317455980432888
13848,-0.0053640815170334765,-0.16525873616450468,-0.08834270875782549
13849,-0.4053535206385011,-0.2951776193616089,-0.05684851087271023
13850,0.3646261496703241,-0.4250965025587132,-0.050445043106918816
13851,0.03463486239511329,-0.16525873616450468,0.06709248325011957
13853,-0.3553548407483177,-0.4250965025587132,-0.10669271216245563
13854,-0.8353421676940789,2.692956694171789,0.6746104960044301
13856,0.7646155887917918,-0.16525873616450468,-0.18478986361717298
13858,-0.3553548407483177,-0.4250965025587132,-0.20397132720276023
13859,2.3345741373435525,-0.4250965025587132,-0.20564203902554015
13860,-0.9153400555183724,0.09457903022970385,-0.08935559867037027
13862,-0.7453445438917486,0.4843356798210166,0.017883842553850077
13863,1.5545947310566903,-0.4250965025587132,-0.19399714422878894
13865,-0.345355104770281,-0.03533985296740041,-0.1722055412531824
13866,-0.18535932912169392,-0.4250965025587132,-0.21181844136038747
13867,-0.6153479761772717,-0.16525873616450468,-0.11615933711431657
13868,-0.8553416396501522,-0.2951776193616089,0.12731824961053012
13869,0.30462773380210395,-0.03533985296740041,0.11519807570096942
13870,-0.9053403195403357,0.4843356798210166,0.0803913938820813
13871,-0.6953458640015652,1.133930095806538,0.4846914112706057
13873,0.2746285258679939,-0.16525873616450468,-0.18466742637499725
13874,2.654565688640726,-0.4250965025587132,-0.16787682820935088
13875,-0.38535404868242773,0.09457903022970385,-0.029150980560881005
13876,-0.28535668890206084,-0.4250965025587132,-0.21437515359018458
13877,-0.06536249738525363,-0.4250965025587132,-0.21498288753771147
13878,-0.37535431270439107,-0.4250965025587132,-0.08649835866432361
13880,-0.7153453359576386,1.133930095806538,0.13034912788729874
13881,-0.8853408475842623,2.043362278186268,1.6819350793594154
13882,-0.8953405835622991,0.09457903022970385,-0.09545186026488436
13883,-0.8153426957380054,0.09457903022970385,0.0696547608091065
13884,-0.8553416396501522,0.09457903022970385,-0.1403674060241371
13885,0.9646103083525256,-0.2951776193616089,-0.1716222947540907
13886,-0.215358537055804,-0.4250965025587132,-0.2009226398725842
13887,1.114606348023076,-0.4250965025587132,-0.18912525505603228
13888,0.2746285258679939,-0.2951776193616089,-0.16173047865212853
13889,0.004635654461003215,-0.4250965025587132,-0.18162875663736286
13890,-0.9153400555183724,0.7441734462152251,-0.018352015800980382
13892,-0.6553469200894184,-0.03533985296740041,-0.15757874307653283
13893,2.054581529958525,-0.4250965025587132,-0.13663863546696672
13894,-0.6853461280235285,-0.16525873616450468,-0.1651865480789984
13895,-0.6453471841113817,-0.03533985296740041,0.060593291822263494
13897,-0.42535299259457454,-0.4250965025587132,-0.19339831480796574
13898,2.3345741373435525,-0.4250965025587132,-0.21067643581063916
13899,-0.7653440158478221,-0.2951776193616089,-0.18478763748549706
13900,0.9046118924843054,-0.16525873616450468,-0.1455598581582266
13901,-0.2053588010777673,0.09457903022970385,0.09110576563829684
13904,-0.5553495603090515,-0.2951776193616089,-0.19100744938802486
13908,-0.1253609132534738,-0.03533985296740041,0.0357140442121523
13911,-0.3553548407483177,0.6142545630181209,0.05923980376330251
13914,-0.8053429597599688,-0.2951776193616089,-0.15830446200288362
13917,-0.42535299259457454,-0.2951776193616089,-0.19775262836607038
13918,-0.42535299259457454,-0.2951776193616089,-0.09303539433067039
13919,-0.3353553687922443,-0.2951776193616089,-0.1852005849113807
13922,2.594567272772506,-0.4250965025587132,-0.2088599123630863
13923,-0.38535404868242773,-0.4250965025587132,-0.1889493906536344
13924,-0.9053403195403357,0.2244979134268081,-0.023356359808454432
13925,0.004635654461003215,-0.03533985296740041,-0.15253878096224402
13926,-0.6953458640015652,-0.4250965025587132,-0.20311649263920595
13927,-0.17535959314365723,-0.4250965025587132,-0.1891875867429581
13928,-0.8153426957380054,-0.03533985296740041,-0.1763227717878013
13929,0.7646155887917918,-0.2951776193616089,-0.13423997858616007
13930,-0.345355104770281,-0.2951776193616089,-0.19048430844418304
13931,0.03463486239511329,-0.2951776193616089,-0.0902872347767439
13932,2.024582322024415,-0.4250965025587132,-0.1938168275630392
13933,0.16463143010959028,-0.2951776193616089,-0.1602701362727233
13934,1.7145905067052774,-0.4250965025587132,-0.1253966705035575
13936,0.8746126845501954,-0.4250965025587132,-0.18611663809602286
13937,0.7646155887917918,-0.4250965025587132,-0.21035142058595446
13938,-0.5753490322651249,-0.4250965025587132,-0.2200562416271391
13939,-0.6953458640015652,-0.16525873616450468,-0.1647491132046796
13940,-0.7553442798697854,-0.03533985296740041,-0.13463066469528454
13941,-0.7053455999796019,0.09457903022970385,0.34107363926429596
13946,-0.13536064923151048,-0.16525873616450468,-0.16552603315957656
13947,-0.2753569529240241,-0.4250965025587132,-0.21794809493004041
13948,2.684564896574836,-0.4250965025587132,-0.2166791998747645
13949,-0.8953405835622991,0.2244979134268081,0.04214422555805479
13950,-0.8153426957380054,-0.03533985296740041,-0.14510238809882453
13951,0.8346137406380486,-0.16525873616450468,-0.15296174598066933
13952,1.2546026517155897,-0.2951776193616089,0.13383302396011768
13953,-0.8553416396501522,0.35441679662391234,0.16328585909841187
13954,-0.9053403195403357,-0.2951776193616089,-0.17906647907837592
13955,0.6146195491212414,-0.2951776193616089,-0.1920848971191714
13956,-0.8753411116062256,0.09457903022970385,-0.11458100975608744
13959,-0.13536064923151048,-0.16525873616450468,-0.16191190838371622
13960,-0.7153453359576386,-0.2951776193616089,-0.20240746970042459
13962,-0.7053455999796019,-0.2951776193616089,-0.20916044013933585
13963,2.154578889738892,-0.03533985296740041,-0.15406479422608899
13967,0.5346216612969479,-0.4250965025587132,-0.2190500301096221
13969,-0.8553416396501522,1.7835245117920593,0.7764170628735614
13971,-0.7353448079137119,0.4843356798210166,0.07898002639954638
13972,-0.215358537055804,-0.2951776193616089,-0.20685639385475593
13973,1.9445844342001213,-0.4250965025587132,-0.198569618691134
13974,-0.4353527285726112,-0.4250965025587132,-0.18199718142972807
13975,-0.6153479761772717,0.2244979134268081,0.04591974488041951
13976,1.144605555957186,-0.4250965025587132,-0.1881869405546309
13978,-0.7753437518258587,-0.2951776193616089,-0.20612844879672926
13979,-0.1953590650997306,-0.4250965025587132,-0.13121021337522942
13980,-0.3253556328142076,-0.4250965025587132,-0.20575557174101222
13982,-0.5353500883529781,-0.03533985296740041,-0.019687694806533953
13983,-0.6253477121553084,1.0040112126094336,0.061746428030391376
13984,-0.6553469200894184,0.09457903022970385,-0.12557364797179335
13985,-0.8853408475842623,1.3937678622007466,0.5578064800346083
13986,-0.7553442798697854,-0.4250965025587132,-0.19236316357866173
13988,-0.7253450719356752,0.2244979134268081,0.23366278590102957
13989,-0.26535721694598746,-0.2951776193616089,-0.08710943180936437
13990,1.2046039718254062,-0.4250965025587132,-0.19338273188623428
13991,-0.8053429597599688,0.2244979134268081,-0.13310131223392566
13992,-0.6253477121553084,-0.4250965025587132,-0.219484125786427
13993,-0.49535114444083134,0.6142545630181209,0.15779621838558672
13994,-0.8853408475842623,0.2244979134268081,0.025094283052163414
13995,-0.7753437518258587,0.09457903022970385,-0.07290559865114007
13999,-0.8253424317160422,1.0040112126094336,0.20626467029961193
14000,1.1846044998693328,-0.4250965025587132,-0.15727932836612127
14001,-0.4653519365067213,-0.16525873616450468,-0.0006242161997706025
14002,0.41462482956050756,-0.2951776193616089,-0.1690700347876454
14004,-0.49535114444083134,0.35441679662391234,0.2820455317455318
14005,-0.8253424317160422,0.09457903022970385,0.09194279114844374
14006,0.23462958195584713,-0.16525873616450468,-0.12093438955917059
14009,1.0546079321548558,-0.2951776193616089,-0.1506064986675432
14012,1.8545868103977912,-0.4250965025587132,-0.191434866669802
14013,0.17463116608762697,-0.16525873616450468,-0.17538223115472398
14014,-0.15536012118758386,-0.4250965025587132,-0.1718026114198404
14015,-0.39535378466046445,-0.4250965025587132,-0.12592648984242705
14016,0.6946174369455349,-0.03533985296740041,0.2551727832196319
14019,-0.4553522005286846,-0.16525873616450468,-0.06979791883155212
14020,-0.7553442798697854,-0.2951776193616089,-0.1564845993578169
14021,0.6246192850992781,-0.16525873616450468,-0.1576978411211947
14022,1.3246008035618464,-0.4250965025587132,-0.17905757455167223
14023,-0.8553416396501522,-0.2951776193616089,-0.1630216350241636
14024,0.2946279978240673,-0.2951776193616089,-0.19155730391197773
14027,-0.31535589683617093,-0.4250965025587132,-0.21636531530845943
14029,-0.29535642488009756,-0.2951776193616089,-0.17597883444387125
14030,-0.7453445438917486,0.4843356798210166,0.034521950699695735
14031,-0.8553416396501522,1.9134433949891636,1.696108859740015
14032,-0.9053403195403357,0.8740923294123294,0.10317028625595952
14034,-0.7053455999796019,-0.16525873616450468,-0.15580674226249844
14035,-0.6353474481333451,0.09457903022970385,-0.06908444362941892
14036,1.924584962244048,-0.4250965025587132,-0.15828220068612436
14037,0.8346137406380486,-0.2951776193616089,-0.21164814228717937
14038,-0.14536038520954717,-0.16525873616450468,-0.054351904198163
14039,-0.5953485042211982,-0.4250965025587132,-0.2110916093681987
14040,-0.5153506163969047,1.0040112126094336,0.16825458499907117
14041,1.7345899786613508,-0.4250965025587132,-0.21229260740735897
14044,-0.6553469200894184,-0.03533985296740041,-0.15608166952447486
14045,0.16463143010959028,-0.03533985296740041,-0.04329136896634148
14046,1.9145852262660112,-0.4250965025587132,-0.21078106399940752
14047,-0.8353421676940789,0.09457903022970385,-0.08237556280051492
14048,2.1245796818047817,-0.4250965025587132,-0.18240456352642187
14049,-0.7553442798697854,-0.03533985296740041,0.3929157937331819
14050,-0.6053482401992349,-0.2951776193616089,-0.14495768953988952
14051,-0.9153400555183724,2.4331189277775804,1.509506711203315
14052,-0.7253450719356752,-0.4250965025587132,-0.20294841969767377
14053,0.31462746978014067,-0.2951776193616089,-0.19906493298902678
14054,-0.2753569529240241,-0.4250965025587132,-0.21774106468417959
14055,0.1346322221754802,-0.4250965025587132,-0.14726396195614538
14056,-0.9153400555183724,2.4331189277775804,0.6794178273585851
14057,-0.6853461280235285,1.653605628594955,0.463366182881105
14059,1.7445897146393876,-0.4250965025587132,-0.20759658263700023
14060,-0.8753411116062256,1.9134433949891636,0.4554367018514687
14062,-0.8253424317160422,1.0040112126094336,0.9367742320169713
14064,-0.6353474481333451,0.09457903022970385,-0.07951164439944047
14066,1.7445897146393876,-0.4250965025587132,-0.21105265206387008
14067,-0.28535668890206084,-0.2951776193616089,-0.18632589447355957
14068,2.2745757214753324,-0.4250965025587132,-0.19844161611976846
14071,-0.8853408475842623,0.4843356798210166,-0.06802146575416587
14073,-0.6053482401992349,-0.4250965025587132,-0.21122072500540223
14075,-0.8753411116062256,-0.16525873616450468,-0.12315272977422749
14076,0.3646261496703241,-0.4250965025587132,-0.21482371912288298
14077,-0.5153506163969047,0.09457903022970385,-0.17244373734250612
14078,0.09463327826333344,0.2244979134268081,-0.11123068158382392
14079,0.32462720575817733,-0.4250965025587132,-0.18628137184004115
14080,-0.5953485042211982,-0.4250965025587132,-0.2229568912008663
14081,2.0945804738706717,-0.2951776193616089,-0.12545009766377965
14082,2.724563840486983,-0.4250965025587132,-0.20774684652512498
14083,-0.8853408475842623,0.6142545630181209,-0.1164030985328301
14085,-0.9053403195403357,1.7835245117920593,0.26408621445002606
14087,-0.8953405835622991,-0.4250965025587132,-0.20672059982252466
14088,-0.8253424317160422,1.133930095806538,5.392038409361354
14089,-0.3553548407483177,-0.4250965025587132,-0.21036255124433406
14090,2.3245744013655156,-0.4250965025587132,-0.21953755294664914
14092,-0.8453419036721156,1.2638489790036422,0.22575445312231443
14093,-0.8053429597599688,-0.4250965025587132,-0.17974099697618046
14096,-0.8853408475842623,1.653605628594955,7.025237687270308
14098,-0.5553495603090515,-0.4250965025587132,-0.21163144629960998
14099,-0.7653440158478221,0.8740923294123294,0.11748208680046603
14100,0.4546237734726543,-0.4250965025587132,-0.20666717266230253
14101,-0.18535932912169392,0.2244979134268081,0.43722360554490775
14102,-0.8753411116062256,0.09457903022970385,-0.10494074653350453
14104,0.6246192850992781,-0.2951776193616089,-0.20396687493940838
14105,1.4645971072543602,-0.4250965025587132,-0.08709273582179494
14107,-0.4053535206385011,0.35441679662391234,0.07285482509324527
14108,-0.6153479761772717,-0.2951776193616089,-0.16148115190442522
14109,-0.1953590650997306,-0.4250965025587132,-0.21198206203856776
14110,-0.8853408475842623,1.0040112126094336,0.40453954027901184
14111,-0.7853434878038954,-0.03533985296740041,-0.15091370483882052
14112,-0.6953458640015652,0.35441679662391234,0.09644291633132135
14113,-0.8853408475842623,-0.03533985296740041,-0.023181608471894488
14114,1.8145878664856443,-0.2951776193616089,-0.18500913758725135
14116,-0.7253450719356752,0.09457903022970385,-0.07412440574370772
14117,0.5146221893408744,-0.4250965025587132,-0.21801487888031806
14121,-0.8853408475842623,-0.03533985296740041,0.08141652751884366
14124,-0.085361969341327,-0.4250965025587132,-0.18133045499278924
14125,-0.8153426957380054,-0.16525873616450468,0.07479155965129795
14126,-0.8453419036721156,-0.16525873616450468,-0.1494355534060079
14127,0.30462773380210395,-0.16525873616450468,-0.14903707583601775
14128,-0.31535589683617093,-0.2951776193616089,-0.15707452425193635
14129,-0.9053403195403357,0.09457903022970385,-0.10293945415685012
14130,2.2645759854972956,-0.4250965025587132,-0.1745040222085725
14132,-0.9053403195403357,0.8740923294123294,0.1711162772684697
14133,0.3746258856483608,-0.16525873616450468,-0.1606207520116811
14135,-0.9053403195403357,1.3937678622007466,0.29402991162286124
14138,-0.9053403195403357,-0.2951776193616089,-0.12052366826496287
14139,-0.4653519365067213,-0.4250965025587132,-0.1817489677478627
14140,-0.8853408475842623,-0.2951776193616089,-0.1239552502433976
14141,-0.8953405835622991,-0.03533985296740041,-0.1261724773926165
14142,2.8045617283112767,-0.4250965025587132,-0.19332596552849826
14143,0.41462482956050756,-0.4250965025587132,-0.2151431690183779
14145,-0.4553522005286846,-0.03533985296740041,0.18849902645991143
14146,-0.8353421676940789,0.09457903022970385,0.23845342126761504
14147,-0.14536038520954717,-0.2951776193616089,-0.17422686881492014
14148,1.4145984273641767,-0.4250965025587132,-0.21053507644921807
14149,1.2846018596496998,-0.4250965025587132,-0.17832072496694185
14150,-0.5653492962870882,-0.2951776193616089,-0.15472150307048618
14152,-0.17535959314365723,-0.2951776193616089,-0.15887880397527165
14154,1.4645971072543602,-0.2951776193616089,-0.07825610613422011
14155,1.7345899786613508,-0.4250965025587132,-0.2148148145961793
14156,-0.8253424317160422,6.590523190084917,12.818221119849245
14157,-0.7253450719356752,-0.2951776193616089,-0.18073941703283178
14158,-0.5253503523749414,-0.4250965025587132,-0.17152657109202601
14159,-0.7253450719356752,0.8740923294123294,0.2873559688584452
14161,1.2346031797595163,-0.16525873616450468,-0.1058601389156606
14162,0.8146142686819752,-0.2951776193616089,-0.19582479833472138
14163,-0.05536276140721694,-0.03533985296740041,0.04421341495082483
14164,-0.215358537055804,-0.2951776193616089,-0.04640572718095723
14165,1.8345873384417177,-0.4250965025587132,-0.21462670646956383
14167,-0.5353500883529781,-0.03533985296740041,-0.16541250044410452
14171,0.05463433435118667,-0.4250965025587132,-0.18754024930277538
14173,-0.8153426957380054,-0.03533985296740041,-0.1778510111833222
14174,-0.5953485042211982,-0.4250965025587132,-0.2130661881647421
14175,-0.3253556328142076,-0.16525873616450468,0.130630733544303
14176,2.0445817939804884,-0.03533985296740041,-0.1638197032299819
14177,-0.06536249738525363,-0.03533985296740041,-0.16687395588934772
14178,-0.8353421676940789,0.35441679662391234,-0.04991299763637331
14179,-0.5153506163969047,-0.2951776193616089,-0.14994311142811823
14180,-0.8153426957380054,2.692956694171789,0.300509067865634
14184,-0.25535748096795075,-0.4250965025587132,-0.1776228326865401
14185,2.3845728172337357,-0.4250965025587132,-0.20603272513466456
14188,-0.6153479761772717,0.2244979134268081,0.0006313220654497771
14189,-0.9053403195403357,1.3937678622007466,0.2899972740919274
14191,-0.9053403195403357,1.133930095806538,0.2934121600827927
14193,-0.24535774498991408,-0.2951776193616089,-0.13304454587618966
14194,-0.8753411116062256,2.1732811613833722,1.0352438275038944
14195,1.0946068760670027,-0.2951776193616089,-0.11539020862028532
14196,0.1446319581535169,-0.4250965025587132,-0.190686886426692
14198,-0.7453445438917486,-0.03533985296740041,-0.1499620335473636
14199,1.2546026517155897,-0.4250965025587132,-0.20739623078616717
14201,-0.3253556328142076,0.35441679662391234,-0.1448374784293897
14204,-0.9053403195403357,-0.4250965025587132,-0.21126858683643457
14205,-0.7553442798697854,-0.2951776193616089,-0.17608568876431552
14206,1.4645971072543602,-0.4250965025587132,-0.1915061028834315
14208,0.0246351264170766,-0.4250965025587132,-0.21114281039674496
14209,-0.8153426957380054,0.2244979134268081,0.002753938618441962
14210,0.1346322221754802,0.2244979134268081,-0.015899931759951618
14211,-0.39535378466046445,0.6142545630181209,0.02141671352353925
14212,-0.02536355347310686,-0.4250965025587132,-0.10888099959988758
14214,-0.6153479761772717,0.09457903022970385,-0.11623836478881182
14215,-0.8053429597599688,0.2244979134268081,-0.028824852270358334
14216,-0.8953405835622991,-0.03533985296740041,-0.023306271845746167
14217,-0.9053403195403357,1.653605628594955,-0.004864997042403183
14218,-0.49535114444083134,-0.4250965025587132,-0.2091682316002016
14219,-0.8853408475842623,-0.4250965025587132,-0.21802155727534583
14220,1.5445949950786537,-0.2951776193616089,-0.15764218782929662
14221,-0.505350880418868,0.6142545630181209,0.15406076943338856
14222,0.8446134766160853,-0.4250965025587132,-0.15199115256996706
14223,-0.0053640815170334765,-0.16525873616450468,-0.11771317702411056
14224,0.17463116608762697,-0.03533985296740041,-0.11564287456550253
14226,-0.6353474481333451,0.09457903022970385,0.01848823730386305
14227,-0.6653466560674551,0.7441734462152251,0.14495143861551318
14229,-0.4053535206385011,-0.16525873616450468,-0.05581892497259602
14231,0.9146116284623421,-0.16525873616450468,-0.12499485373605346
14232,-0.49535114444083134,0.09457903022970385,-6.879634662788268e-05
14233,-0.4353527285726112,-0.03533985296740041,-0.06522210517169316
14234,-0.7053455999796019,-0.03533985296740041,-0.14409395044963158
14235,-0.17535959314365723,0.09457903022970385,0.1220111516951306
14236,-0.11536117727543709,-0.2951776193616089,-0.173396521699801
14237,2.8045617283112767,-0.4250965025587132,-0.21011211143079278
14238,2.3345741373435525,-0.4250965025587132,-0.21168709959150803
14239,-0.49535114444083134,0.8740923294123294,0.036971808609048556
14240,-0.6253477121553084,-0.2951776193616089,-0.1289317676049226
14241,0.9146116284623421,-0.4250965025587132,-0.20424625446473665
14242,1.4245981633422133,-0.2951776193616089,-0.1968054093379653
14243,-0.8353421676940789,0.7441734462152251,0.060114673511940116
14245,1.274602123671663,-0.2951776193616089,-0.03954033709241186
14246,0.18463090206566365,-0.16525873616450468,-0.06395988851144505
14247,1.8545868103977912,-0.4250965025587132,-0.21280906995617302
14248,2.2545762495192587,-0.4250965025587132,-0.19435332529693655
14250,-0.8553416396501522,-0.16525873616450468,-0.016099170544946688
14251,-0.9053403195403357,0.09457903022970385,0.09249709793574848
14256,1.6745915627931307,-0.2951776193616089,-0.12016971332849119
14257,-0.28535668890206084,0.09457903022970385,0.11698677250257321
14258,-0.8353421676940789,0.6142545630181209,1.1822197191433335
14259,0.4946227173848011,-0.4250965025587132,-0.21467568136643414
14261,-0.4153532566165378,-0.2951776193616089,-0.09853282650436128
14262,-0.8453419036721156,0.4843356798210166,0.06339376547057414
14264,0.6246192850992781,-0.2951776193616089,-0.190859411631576
14265,0.16463143010959028,-0.2951776193616089,-0.16901994682493715
14267,0.7046171729235716,-0.16525873616450468,-0.05926497680692423
14270,2.3945725532117725,-0.4250965025587132,-0.17319728291480593
14271,1.3346005395398832,-0.4250965025587132,-0.21553051592998843
14272,-0.18535932912169392,-0.2951776193616089,-0.17928463998261635
14273,-0.4153532566165378,-0.03533985296740041,-0.1657041236936504
14276,0.06463407032922336,-0.16525873616450468,-0.10339803728209017
14277,-0.7753437518258587,-0.16525873616450468,0.23811950151622666
14280,1.0446081961768192,-0.4250965025587132,-0.21311293692993646
14282,-0.8953405835622991,1.3937678622007466,0.18396217010438118
14284,-0.6153479761772717,-0.2951776193616089,-0.1617772274173229
14285,-0.7153453359576386,-0.03533985296740041,-0.015435783305521743
14286,-0.6853461280235285,-0.16525873616450468,0.28717787832437136
14287,-0.8453419036721156,-0.16525873616450468,-0.20837238952605924
14288,1.2046039718254062,-0.4250965025587132,-0.1805490827745404
14289,-0.8353421676940789,0.2244979134268081,-0.12660323387190756
14290,-0.8153426957380054,0.09457903022970385,0.029603312761744705
14291,-0.9053403195403357,0.8740923294123294,0.20419882010435572
14292,-0.8453419036721156,0.6142545630181209,0.31424541337191453
14293,-0.8953405835622991,-0.03533985296740041,-0.11154345308429103
14295,-0.5253503523749414,-0.4250965025587132,-0.2095333171950529
14297,-0.7453445438917486,-0.03533985296740041,-0.08274064839536623
14298,-0.8453419036721156,5.16141547491677,5.50729526381641
14299,-0.8453419036721156,0.6142545630181209,0.21336714341164303
14300,-0.7353448079137119,-0.4250965025587132,-0.223224027001977
14301,0.24462931793388382,-0.4250965025587132,-0.1567806748707146
14304,1.3046013316057732,-0.4250965025587132,-0.18535196186534345
14305,-0.215358537055804,-0.16525873616450468,-0.021117984408314226
14306,-0.4153532566165378,-0.2951776193616089,0.004967826570147044
14307,-0.03536328945114355,0.2244979134268081,0.10541088778777559
14309,-0.8453419036721156,0.6142545630181209,0.03381960615594216
14311,1.5045960511665069,-0.4250965025587132,-0.19349849073338227
14312,-0.4553522005286846,0.2244979134268081,-0.048651894041963156
14314,0.1446319581535169,-0.4250965025587132,-0.21467568136643414
14315,-0.47535167248475796,0.2244979134268081,0.04813363283212459
14317,-0.2753569529240241,-0.4250965025587132,-0.17142416903493357
14320,1.144605555957186,-0.2951776193616089,-0.17485129875001645
14321,-0.8153426957380054,0.09457903022970385,-0.05764991827604238
14323,0.22462984597781044,-0.2951776193616089,-0.16068530983028287
14326,1.4945963151884702,-0.4250965025587132,-0.20756875599105118
14327,0.7046171729235716,-0.4250965025587132,-0.19334377458190563
14329,-0.7553442798697854,0.35441679662391234,0.32574449654389276
14331,0.31462746978014067,-0.2951776193616089,-0.17653536736285189
14332,-0.6953458640015652,-0.16525873616450468,-0.13451156665062267
14333,-0.24535774498991408,-0.4250965025587132,-0.18181797782981626
14334,-0.7553442798697854,0.4843356798210166,0.05604530480835357
14335,-0.7653440158478221,-0.2951776193616089,-0.1774035587164617
14336,-0.7553442798697854,-0.03533985296740041,-0.048282356183759985
14338,0.6846177009674982,-0.2951776193616089,-0.1625597127014097
14339,1.5045960511665069,-0.4250965025587132,-0.1935808576053914
14340,1.2646023876936263,-0.4250965025587132,-0.21303947458463102
14341,-0.47535167248475796,0.4843356798210166,0.013166669532570036
14342,-0.7153453359576386,-0.03533985296740041,-0.15361734175922853
14344,0.3446266777142507,0.4843356798210166,-0.12897740330427904
14345,-0.5353500883529781,-0.4250965025587132,-0.21590227991986752
14346,0.2846282618460306,-0.2951776193616089,-0.11432389154751839
14348,1.6745915627931307,-0.4250965025587132,-0.1824446338965885
14349,-0.8253424317160422,-0.4250965025587132,-0.21317304248518637
14350,1.8145878664856443,-0.4250965025587132,-0.19654049966853052
14351,0.724616644879645,-0.4250965025587132,-0.22235583564836717
14352,0.6446187570553514,-0.03533985296740041,-0.10793711976929639
14353,1.2246034437814797,-0.4250965025587132,-0.21794809493004041
14354,-0.8653413756281889,-0.2951776193616089,-0.20982048818124693
14355,2.73456357646502,-0.4250965025587132,-0.2086206032079246
14356,-0.1253609132534738,-0.2951776193616089,-0.14998095566660893
14357,-0.49535114444083134,-0.4250965025587132,-0.20297513327778488
14359,-0.7353448079137119,-0.16525873616450468,-0.12650083181481514
14360,-0.6053482401992349,-0.03533985296740041,0.0077182122557494445
14362,-0.7053455999796019,-0.4250965025587132,-0.211169523976856
14364,0.16463143010959028,0.4843356798210166,0.1857330578525776
14367,-0.8453419036721156,1.5236867453978509,0.7990846486636434
14368,2.2745757214753324,-0.4250965025587132,-0.21077995093356955
14371,2.024582322024415,-0.4250965025587132,-0.2168461597504587
14373,2.654565688640726,-0.4250965025587132,-0.21951195243237603
14375,0.9246113644403788,-0.4250965025587132,-0.20181309254295327
14377,0.984609780308599,-0.2951776193616089,-0.15935074389056725
14379,-0.4853514084627947,-0.2951776193616089,-0.1892866496025367
14381,-0.4053535206385011,-0.4250965025587132,-0.20547285301817003
14382,-0.6653466560674551,-0.4250965025587132,-0.1595243821612892
14383,-0.5453498243310149,-0.16525873616450468,-0.08915635988537521
14385,-0.8353421676940789,-0.16525873616450468,-0.20553629777093382
14386,2.0445817939804884,-0.4250965025587132,-0.2121824138894008
14387,-0.5953485042211982,-0.16525873616450468,-0.035739217255774
14388,-0.8253424317160422,0.4843356798210166,0.1295777732615916
14389,-0.2753569529240241,-0.2951776193616089,-0.11188850349405903
14390,-0.8253424317160422,0.6142545630181209,0.2887161353124339
14393,1.2546026517155897,-0.4250965025587132,-0.22046918905302276
14395,-0.9053403195403357,0.6142545630181209,0.15930442259602426
14396,-0.2753569529240241,-0.2951776193616089,-0.1737159715952959
14397,-0.8953405835622991,1.9134433949891636,0.06280717977396853
14400,0.5646208692310579,-0.4250965025587132,-0.1640645777143334
14401,-0.8853408475842623,1.133930095806538,0.22292392669637884
14403,0.3746258856483608,-0.03533985296740041,-0.06376510198980181
14404,-0.5853487682431616,0.2244979134268081,-0.06671361339456133
14406,0.2646287898899572,-0.4250965025587132,-0.21058516441192632
14407,0.1446319581535169,0.2244979134268081,0.012137083632455824
14408,-0.8153426957380054,0.35441679662391234,0.06125667906168844
14409,-0.215358537055804,0.2244979134268081,0.0011978725769720493
14410,-0.0053640815170334765,0.6142545630181209,-0.10556517646860084
14411,2.184578097673002,-0.4250965025587132,-0.10971357284668264
14412,-0.49535114444083134,-0.2951776193616089,-0.14232306270143513
14413,2.694564632552873,-0.4250965025587132,-0.2145588094534482
14414,-0.0053640815170334765,0.35441679662391234,-0.06140874161083772
14415,-0.9153400555183724,1.133930095806538,0.42373102145714076
14416,-0.7053455999796019,-0.2951776193616089,-0.17346775791343053
14418,-0.8853408475842623,-0.16525873616450468,-0.012403791962915136
14419,-0.8153426957380054,0.2244979134268081,-0.11096131965103727
14420,0.06463407032922336,-0.4250965025587132,-0.1848989440692932
14421,-0.3553548407483177,-0.2951776193616089,-0.1375279750714978
14422,-0.9153400555183724,0.2244979134268081,0.24653873151456604
14423,1.2546026517155897,-0.4250965025587132,-0.1985139653992359
14424,-0.7453445438917486,-0.4250965025587132,-0.19218284691291201
14426,-0.6853461280235285,0.7441734462152251,0.2708069059796364
14427,-0.42535299259457454,-0.2951776193616089,-0.18759033726548363
14428,-0.8553416396501522,0.09457903022970385,-0.09178653446047778
14431,2.1045802098487085,-0.4250965025587132,-0.1756783066676217
14432,-0.8253424317160422,0.2244979134268081,0.02224038224363063
14434,-0.7053455999796019,0.2244979134268081,-0.07523079318664126
14436,0.06463407032922336,-0.4250965025587132,-0.21811950706908645
14437,2.73456357646502,-0.4250965025587132,-0.2210201566428136
14438,2.1345794177828186,-0.4250965025587132,-0.21335113301926018
14439,2.2745757214753324,-0.4250965025587132,0.0681810616396457
14440,-0.8453419036721156,0.09457903022970385,0.03439283506249219
14441,-0.9153400555183724,-0.03533985296740041,-0.03737653710341507
14442,1.1246060840011127,-0.2951776193616089,-0.051075038371204924
14443,-0.38535404868242773,-0.03533985296740041,-0.06995486111470466
14446,-0.9153400555183724,-0.03533985296740041,-0.11557386448354895
14447,-0.7353448079137119,0.09457903022970385,-0.09855731395279643
14448,-0.8353421676940789,-0.2951776193616089,-0.1862535451940921
14449,-0.7353448079137119,-0.03533985296740041,-0.12943709949535706
14450,0.8846124205282321,-0.16525873616450468,-0.17424356480248956
14451,-0.3253556328142076,-0.2951776193616089,-0.1563621621156411
14452,-0.8153426957380054,-0.2951776193616089,-0.19919850088958213
14453,0.9746100443305623,-0.4250965025587132,-0.21468347282729985
14456,-0.8753411116062256,0.6142545630181209,0.10781065773442022
14457,2.184578097673002,-0.4250965025587132,-0.21538359123937753
14459,0.6246192850992781,-0.4250965025587132,-0.023459874931384815
14460,0.17463116608762697,-0.16525873616450468,-0.17968756981595835
14461,0.5546211332530212,-0.16525873616450468,0.006051952696321335
14462,-0.26535721694598746,0.8740923294123294,-0.007581990752866748
14463,0.05463433435118667,-0.16525873616450468,-0.169082278511863
14465,1.5445949950786537,-0.16525873616450468,-0.11244726254471561
14466,-0.6353474481333451,0.35441679662391234,0.02490060959635817
14467,-0.7453445438917486,-0.03533985296740041,-0.1616648077676888
14470,-0.8053429597599688,-0.2951776193616089,-0.1766989880410322
14472,0.11463275021940682,0.4843356798210166,-0.021818102820391885
14473,-0.18535932912169392,-0.2951776193616089,-0.20194888657518453
14474,-0.4653519365067213,-0.4250965025587132,-0.16707430774018078
14475,-0.2053588010777673,-0.16525873616450468,-0.12497927081432202
14476,1.6445923548590207,-0.4250965025587132,-0.20655030074931657
14477,-0.7253450719356752,-0.03533985296740041,-0.08226536928255675
14479,1.6145931469249106,-0.2951776193616089,-0.19283176429644344
14480,-0.8153426957380054,-0.4250965025587132,-0.19697236921365952
14481,0.724616644879645,-0.2951776193616089,-0.15718471776989454
14482,-0.7453445438917486,0.2244979134268081,-0.002880400653318175
14483,1.8945857543099378,-0.4250965025587132,-0.2127723387835203
14484,-0.42535299259457454,-0.4250965025587132,-0.19220065596631936
14485,-0.5353500883529781,-0.4250965025587132,-0.20991175957995975
14487,-0.6553469200894184,0.2244979134268081,-0.09830687413925514
14488,-0.24535774498991408,-0.4250965025587132,-0.1095711004194236
14489,1.144605555957186,-0.4250965025587132,-0.17645522662251867
14491,0.8246140046600119,-0.2951776193616089,-0.19008471780835492
14493,-0.8553416396501522,0.09457903022970385,0.03723783134432129
14494,-0.6653466560674551,-0.4250965025587132,-0.21249852458738183
14495,-0.4153532566165378,-0.2951776193616089,-0.21425271634800885
14496,2.1945778336510386,-0.2951776193616089,-0.16805937100677654
14497,2.1645786257169286,-0.4250965025587132,-0.1751206606828031
14498,-0.49535114444083134,0.09457903022970385,-0.010169868826126794
14499,-0.6653466560674551,-0.16525873616450468,-0.13804777681782573
14500,-0.04536302542918024,-0.16525873616450468,-0.18831271699432053
14501,0.9146116284623421,-0.2951776193616089,-0.20007114450654379
14502,-0.7253450719356752,0.8740923294123294,0.042423605083383054
14503,-0.8953405835622991,0.2244979134268081,0.1663556946795092
14504,-0.4553522005286846,-0.03533985296740041,-0.15309420081538672
14505,-0.7553442798697854,0.4843356798210166,0.4241606648705939
14506,-0.7553442798697854,0.09457903022970385,-0.00979921790208566
14507,-0.6853461280235285,0.2244979134268081,-0.07577842157891822
14508,-0.7053455999796019,-0.2951776193616089,-0.19819674163541695
14511,-0.8153426957380054,0.09457903022970385,-0.0816854619809789
14512,0.9546105723744889,-0.2951776193616089,-0.19739199503457092
14513,0.08463354228529675,-0.16525873616450468,-0.17732230491029055
14514,-0.31535589683617093,-0.16525873616450468,-0.11781669214704096
14515,-0.7453445438917486,0.2244979134268081,0.0031390593983765796
14517,-0.5953485042211982,-0.2951776193616089,-0.19125121080653837
14518,-0.28535668890206084,-0.4250965025587132,-0.20862394240543852
14520,-0.9053403195403357,-0.2951776193616089,-0.19791290984673682
14522,-0.6853461280235285,-0.03533985296740041,-0.11955975324928839
14523,0.1546316941315536,-0.4250965025587132,-0.20119756713456066
14524,-0.6053482401992349,0.6142545630181209,-0.0228020530211497
14525,-0.7253450719356752,0.6142545630181209,0.24122495520413867
14527,-0.8953405835622991,6.590523190084917,0.7188671067876097
14528,-0.5553495603090515,-0.4250965025587132,-0.18749238747174304
14529,-0.3253556328142076,-0.16525873616450468,-0.1636293689716905
14530,-0.6653466560674551,0.2244979134268081,0.09053921512677457
14532,1.4345978993202502,-0.03533985296740041,-0.12420012472774909
14533,-0.6753463920454919,0.35441679662391234,-0.011015798862977379
14534,-0.8953405835622991,1.7835245117920593,0.2614159695047569
14535,-0.3253556328142076,-0.16525873616450468,0.08973001626257669
14536,1.6745915627931307,-0.4250965025587132,-0.20900461092202127
14537,-0.345355104770281,-0.4250965025587132,-0.18845630248741754
14538,-0.2753569529240241,-0.2951776193616089,-0.184817690263122
14539,-0.7653440158478221,-0.2951776193616089,-0.16820740876322537
14540,-0.8253424317160422,-0.16525873616450468,-0.12199514130274774
14541,-0.3353553687922443,0.4843356798210166,-0.06626504786186292
14542,0.9346111004184156,-0.4250965025587132,-0.21654006664501935
14543,-0.6353474481333451,1.5236867453978509,0.1726411774664767
14544,-0.6853461280235285,-0.2951776193616089,-0.004940685519384559
14546,-0.8753411116062256,0.09457903022970385,0.058462883808405516
14547,-0.8853408475842623,0.4843356798210166,0.21438337252170173
14548,0.5846203411871314,-0.2951776193616089,-0.15537153351985555
14549,2.184578097673002,-0.4250965025587132,-0.19583815512477692
14550,-0.8153426957380054,-0.2951776193616089,-0.14373220405229417
14551,-0.7453445438917486,-0.2951776193616089,-0.2073038463216164
14552,0.594620077165168,-0.4250965025587132,-0.20975370423096923
14553,-0.7353448079137119,0.09457903022970385,-0.1323900631634684
14554,-0.8253424317160422,-0.03533985296740041,0.025689773275472703
14555,-0.3553548407483177,-0.2951776193616089,-0.1932447117223271
14557,-0.07536223336329032,-0.4250965025587132,-0.14028058688877612
14560,-0.8553416396501522,2.303200044580476,0.021046062599498143
14561,-0.16535985716562054,-0.16525873616450468,-0.10773676791846336
14562,-0.8853408475842623,1.7835245117920593,0.32925399313098486
14565,0.03463486239511329,-0.03533985296740041,0.11691998855229555
14566,0.18463090206566365,-0.4250965025587132,-0.0686414434259103
14567,-0.3553548407483177,-0.2951776193616089,-0.05769332784372288
14569,-0.9153400555183724,-0.4250965025587132,-0.20272246733256766
14570,1.8845860183319012,-0.2951776193616089,-0.20376095775938555
14572,-0.8953405835622991,0.35441679662391234,0.08413129509763129
14573,0.8746126845501954,0.6142545630181209,-0.04550970918139838
14576,2.79456199233324,-0.4250965025587132,-0.22409221835558682
14577,-0.7953432237819321,-0.03533985296740041,-0.1323410882665981
14578,-0.8953405835622991,-0.4250965025587132,-0.2092628421964283
14581,-0.7553442798697854,-0.4250965025587132,-0.2126053789078261
14582,-0.5153506163969047,-0.4250965025587132,-0.21533127714499337
14583,-0.8653413756281889,0.09457903022970385,-0.11817732547854043
14584,0.7646155887917918,-0.03533985296740041,-0.1130460919655388
14585,-0.42535299259457454,-0.4250965025587132,-0.2105517724367875
14586,1.8445870744197546,-0.4250965025587132,-0.2016127406921202
14587,-0.7353448079137119,0.6142545630181209,-0.05213579011478205
14589,2.79456199233324,-0.4250965025587132,-0.22360803471607366
14591,-0.7753437518258587,-0.03533985296740041,-0.08108440642847979
14592,-0.5753490322651249,-0.16525873616450468,-0.16593007605875654
14593,-0.7053455999796019,-0.16525873616450468,-0.15933961323218762
14594,-0.8553416396501522,-0.2951776193616089,-0.1875914503313216
14595,-0.7253450719356752,0.2244979134268081,-0.034292231666424304
14597,-0.8153426957380054,-0.2951776193616089,-0.13161425627440937
14598,-0.4853514084627947,-0.4250965025587132,-0.20332574901674266
14600,2.1345794177828186,-0.4250965025587132,-0.18425225281743768
14601,-0.8153426957380054,-0.4250965025587132,-0.20421731475294969
14603,1.8245876024636811,-0.4250965025587132,-0.15457012611652343
14606,-0.9153400555183724,11.527440751574877,1.1161225304876772
14607,-0.7653440158478221,1.2638489790036422,1.576191598621415
14608,-0.8853408475842623,-0.03533985296740041,-0.029333523358306645
14609,-0.2053588010777673,-0.03533985296740041,-0.16107488287356933
14616,1.5045960511665069,-0.16525873616450468,-0.182833093874037
14618,-0.8353421676940789,-0.16525873616450468,-0.16643095568583913
14619,1.5345952591006171,-0.4250965025587132,-0.18412870250942395
14620,1.1346058199791493,-0.2951776193616089,-0.1820873397626029
14621,-0.9153400555183724,0.09457903022970385,-0.028976229224321085
14622,0.9246113644403788,-0.4250965025587132,-0.1923498067886062
14623,-0.6053482401992349,0.09457903022970385,-0.12933692356994053
14624,-0.3553548407483177,-0.2951776193616089,-0.2028938794716137
14625,1.0346084601987824,-0.2951776193616089,-0.12789772944145655
14626,-0.6853461280235285,-0.03533985296740041,0.08265425673065664
14628,-0.015363817495070167,-0.2951776193616089,-0.1532388993743217
14629,-0.8853408475842623,-0.2951776193616089,-0.12170574418487778
14631,-0.4153532566165378,-0.16525873616450468,-0.11594896767094189
14632,1.7045907707272407,-0.4250965025587132,-0.21528118918228512
14633,1.7345899786613508,-0.4250965025587132,-0.18964283067068427
14636,-0.5653492962870882,-0.2951776193616089,-0.1601521512938994
14638,-0.4153532566165378,-0.4250965025587132,-0.17865687085000617
14639,-0.4053535206385011,0.2244979134268081,0.10416091485174504
14640,-0.6853461280235285,0.2244979134268081,0.00653279713832064
14641,-0.7053455999796019,-0.4250965025587132,-0.21573754617584923
14642,-0.3353553687922443,-0.4250965025587132,-0.21733368258748575
14643,0.7746153247698284,-0.2951776193616089,-0.15080685051837622
14644,-0.24535774498991408,-0.2951776193616089,-0.1355634138674961
14645,0.6446187570553514,-0.2951776193616089,-0.161572423303138
14646,-0.9053403195403357,8.929063087632793,30.960742373888387
14647,1.0846071400889659,-0.4250965025587132,-0.2017596653827311
14649,-0.8753411116062256,-0.03533985296740041,-0.07191497005535454
14651,-0.25535748096795075,-0.2951776193616089,-0.15526579226524923
14652,-0.15536012118758386,-0.4250965025587132,-0.21532348568412762
14653,-0.9153400555183724,0.35441679662391234,-0.013583641751154113
14655,-0.8453419036721156,-0.03533985296740041,-0.01296255101357171
14656,0.7646155887917918,-0.2951776193616089,-0.19563669020810595
14657,-0.7453445438917486,-0.03533985296740041,-0.13362000091441564
14658,-0.8753411116062256,-0.2951776193616089,-0.20052304923675607
14659,-0.8353421676940789,0.6142545630181209,0.05356539412137575
14660,-0.05536276140721694,-0.2951776193616089,-0.1962277281680634
14661,-0.6553469200894184,-0.4250965025587132,-0.2160169257011775
14662,-0.6353474481333451,-0.03533985296740041,-0.14551310939303225
14664,-0.7253450719356752,-0.2951776193616089,-0.15721477054751948
14665,-0.31535589683617093,0.09457903022970385,-0.023706975547412232
14666,-0.6853461280235285,-0.4250965025587132,-0.2062998609357753
14667,-0.8153426957380054,2.692956694171789,0.7932098871708837
14669,1.4945963151884702,-0.16525873616450468,-0.0878707688425299
14670,1.8745862823538646,-0.2951776193616089,-0.18430456691182184
14672,1.4245981633422133,-0.2951776193616089,-0.1428217161968418
14673,-0.8953405835622991,0.09457903022970385,-0.03475971931836803
14675,-0.7653440158478221,-0.4250965025587132,-0.16165367710930917
14676,-0.6153479761772717,0.2244979134268081,0.0556034176706829
14680,-0.6753463920454919,1.5236867453978509,2.972489282776198
14681,-0.215358537055804,-0.16525873616450468,-0.1724960514368903
14682,0.9546105723744889,-0.2951776193616089,-0.22224452906457104
14684,-0.6653466560674551,0.09457903022970385,-0.09429649792508053
14687,0.1446319581535169,-0.4250965025587132,-0.15808964029615707
14688,-0.8453419036721156,2.1732811613833722,0.3929580902350245
14689,1.1646050279132594,-0.4250965025587132,-0.2154770887697663
14690,-0.4853514084627947,-0.2951776193616089,-0.18851306884515356
14691,-0.6153479761772717,0.09457903022970385,0.007306377895703729
14692,0.44462403749461765,-0.03533985296740041,-0.16218906177736858
14693,1.7245902426833142,-0.4250965025587132,-0.20878756308361882
14696,-0.8853408475842623,0.35441679662391234,0.0033683509609966035
14697,1.2546026517155897,-0.2951776193616089,-0.2070389366521816
14698,-0.9053403195403357,0.09457903022970385,-0.09254230616445351
14699,1.2146037078034428,-0.4250965025587132,-0.21588558393229806
14700,-0.6053482401992349,-0.16525873616450468,0.016296610668917227
14701,-0.8153426957380054,0.6142545630181209,0.053137976839598644
14702,-0.9153400555183724,1.653605628594955,0.13391316470045087
14703,-0.7753437518258587,-0.4250965025587132,-0.19261805565555487
14704,-0.8153426957380054,0.6142545630181209,-0.06174488749390203
14705,1.0646076681328924,-0.4250965025587132,-0.20810859292246242
14708,-0.8953405835622991,-0.16525873616450468,-0.10266007463152182
14709,-0.7753437518258587,1.133930095806538,0.3197116797021425
14710,-0.7853434878038954,-0.03533985296740041,-0.16130640056786527
14711,-0.8253424317160422,0.8740923294123294,0.08803593005719956
14712,-0.6353474481333451,-0.16525873616450468,-0.12595654262005201
14713,-0.8353421676940789,0.8740923294123294,0.06828791596009
14714,-0.6853461280235285,-0.4250965025587132,-0.21020226976366763
14715,-0.6753463920454919,-0.03533985296740041,-0.13148736676888176
14716,-0.49535114444083134,-0.2951776193616089,-0.19380458383882163
14719,-0.9053403195403357,0.09457903022970385,-0.051963264909898055
14720,-0.8653413756281889,-0.16525873616450468,-0.15414604803226017
14722,0.5446213972749846,-0.4250965025587132,-0.2079505375734719
14723,-0.8253424317160422,0.2244979134268081,-0.10310641403254431
14725,-0.6753463920454919,-0.4250965025587132,-0.15506210121690234
14727,1.8145878664856443,-0.4250965025587132,-0.19813774914600502
14729,2.814561464289313,-0.4250965025587132,-0.19313897046772077
14730,-0.9153400555183724,0.4843356798210166,-0.01682043720794562
14731,-0.4553522005286846,-0.16525873616450468,-0.18573374344776417
14732,-0.8453419036721156,0.4843356798210166,0.07277245822123611
14733,-0.7653440158478221,1.0040112126094336,0.8389424232552
14735,-0.8853408475842623,3.602388876551519,0.4471187608443838
14737,-0.8853408475842623,-0.16525873616450468,-0.09841038926218554
14738,-0.49535114444083134,0.35441679662391234,-0.0817255323511455
14739,-0.8853408475842623,0.35441679662391234,0.20631698439399612
14740,1.0446081961768192,-0.16525873616450468,-0.06683716370257502
14741,-0.8053429597599688,0.2244979134268081,-0.07216540986889583
14744,-0.7653440158478221,0.35441679662391234,-0.10559745537790172
14745,0.20463037402173703,0.09457903022970385,-0.09220949947890308
14747,1.5645944670347272,-0.4250965025587132,-0.19150165062007968
14748,-0.6353474481333451,0.09457903022970385,-0.07045017541259743
14752,-0.4853514084627947,-0.4250965025587132,-0.1846629741116454
14753,-0.05536276140721694,-0.4250965025587132,-0.1653501687571787
14754,-0.47535167248475796,-0.2951776193616089,-0.1570133056308485
14755,-0.8253424317160422,0.8740923294123294,0.3296446792401092
14756,-0.7753437518258587,-0.4250965025587132,-0.14578135825998093
14757,-0.17535959314365723,-0.4250965025587132,-0.1812280529356968
14758,0.5246219253189112,-0.03533985296740041,-0.06284682267348374
14759,-0.8753411116062256,-0.16525873616450468,-0.04705130536697478
14760,2.0445817939804884,-0.4250965025587132,-0.21810392414735497
14761,-0.3353553687922443,-0.2951776193616089,-0.19954911662853994
14762,1.7145905067052774,-0.4250965025587132,-0.19458261685955658
14764,-0.4553522005286846,-0.4250965025587132,-0.19705584915150662
14765,-0.6353474481333451,-0.16525873616450468,-0.199748355413535
14766,-0.8453419036721156,0.2244979134268081,0.04726989374186659
14768,-0.7553442798697854,-0.2951776193616089,-0.20659482338283505
14769,-0.8953405835622991,0.4843356798210166,0.9314459858506504
14770,1.3945989554081033,-0.2951776193616089,-0.13048115525136475
14772,0.19463063804370034,-0.4250965025587132,-0.21253191656252066
14775,-0.345355104770281,-0.16525873616450468,-0.11540133927866492
14776,-0.4153532566165378,0.8740923294123294,0.054497030227749405
14778,0.3446266777142507,-0.2951776193616089,-0.14668294158872958
14779,1.8845860183319012,-0.16525873616450468,-0.18505143408909389
14780,-0.37535431270439107,-0.2951776193616089,-0.17820273998811795
14782,2.2745757214753324,-0.4250965025587132,-0.20576002400436405
14784,-0.6653466560674551,-0.2951776193616089,-0.19575467518692985
14785,-0.8253424317160422,-0.2951776193616089,-0.2194173418361493
14788,-0.8553416396501522,-0.2951776193616089,-0.15240632612752664
14789,-0.6353474481333451,-0.4250965025587132,-0.20603383820050256
14790,-0.7553442798697854,-0.03533985296740041,-0.14510238809882453
14792,-0.28535668890206084,-0.4250965025587132,-0.22734237060243384
14793,-0.7153453359576386,-0.4250965025587132,-0.20254437679849382
14794,-0.8953405835622991,0.35441679662391234,-0.08111779840361862
14795,0.7346163808576817,-0.4250965025587132,-0.21340122098196843
14796,-0.9153400555183724,1.653605628594955,0.6596920745782346
14798,-0.39535378466046445,-0.16525873616450468,-0.20869406555323006
14799,-0.4153532566165378,-0.4250965025587132,-0.21047942315732
14800,-0.4453524645506479,1.0040112126094336,0.2541242752002723
14801,-0.31535589683617093,-0.4250965025587132,-0.20695768284601043
14803,0.6946174369455349,-0.16525873616450468,-0.13391718949315132
14804,-0.8353421676940789,-0.4250965025587132,-0.18871119456431068
14805,-0.7753437518258587,-0.03533985296740041,-0.16721455403576388
14806,-0.17535959314365723,-0.4250965025587132,-0.2065068911816361
14808,-0.5253503523749414,0.4843356798210166,0.07456560728619178
14810,-0.5153506163969047,0.8740923294123294,0.004078486965615931
14813,2.7745625203771667,-0.2951776193616089,-0.21101592089121735
14815,-0.5553495603090515,-0.2951776193616089,-0.1413802959366819
14816,1.0446081961768192,-0.4250965025587132,-0.19777377661699166
14817,1.0746074041109293,-0.2951776193616089,-0.1044443191697738
14818,-0.18535932912169392,-0.16525873616450468,-0.1548150006008749
14819,-0.28535668890206084,-0.2951776193616089,-0.19774928916855652
14820,-0.7153453359576386,-0.03533985296740041,-0.17156775452803058
14821,2.744563312443056,-0.4250965025587132,-0.22260071013271868
14823,0.8746126845501954,-0.16525873616450468,-0.19225519619237946
14824,-0.8253424317160422,-0.03533985296740041,-0.102510923809235
14825,-0.8853408475842623,1.0040112126094336,0.019180564255075014
14828,1.0446081961768192,-0.16525873616450468,0.010136904321639372
14829,-0.6353474481333451,-0.03533985296740041,-0.1503905638949787
14830,-0.39535378466046445,-0.4250965025587132,-0.20700888387455663
14834,-0.7453445438917486,0.2244979134268081,-0.03655175531748575
14836,-0.8253424317160422,-0.16525873616450468,-0.21662911191205625
14837,-0.02536355347310686,-0.03533985296740041,-0.04443226145025182
14840,1.7545894506174242,-0.4250965025587132,-0.22103685263038303
14841,-0.39535378466046445,0.2244979134268081,0.13880731518996678
14842,-0.4853514084627947,-0.03533985296740041,0.08637412276112334
14844,-0.28535668890206084,-0.03533985296740041,0.12701438263676668
14847,0.5646208692310579,-0.4250965025587132,-0.19359421439544694
14849,-0.7053455999796019,2.692956694171789,0.6546888436365987
14850,2.1945778336510386,-0.4250965025587132,-0.19177435175038018
14851,-0.6953458640015652,-0.2951776193616089,-0.1711158497978183
14852,-0.345355104770281,0.2244979134268081,0.0877098017666769
14853,-0.6853461280235285,-0.2951776193616089,-0.17507279885177074
14854,-0.14536038520954717,0.35441679662391234,0.0769509073769429
14855,0.2646287898899572,-0.2951776193616089,-0.15616737559399788
14856,-0.5653492962870882,-0.16525873616450468,-0.08438798583554896
14857,-0.3253556328142076,-0.2951776193616089,-0.09745649183905271
14859,-0.7953432237819321,-0.03533985296740041,-0.07735229667379552
14860,-0.7353448079137119,-0.4250965025587132,-0.20907473406981283
14861,-0.4053535206385011,-0.4250965025587132,-0.21403121624625454
14862,-0.6653466560674551,-0.2951776193616089,-0.13440137313266448
14863,-0.6353474481333451,-0.4250965025587132,-0.19834032712851396
14865,-0.8553416396501522,-0.2951776193616089,-0.2222222677478118
14866,-0.8153426957380054,1.0040112126094336,1.3736581387459752
14867,0.9346111004184156,-0.16525873616450468,-0.14897363108325395
14868,-0.8953405835622991,0.4843356798210166,0.10072154141244463
14869,-0.8353421676940789,-0.2951776193616089,-0.14773033654225118
14870,1.6945910347492041,-0.4250965025587132,-0.191607391874686
14871,-0.8953405835622991,-0.03533985296740041,-0.17223670709664532
14873,1.1746047638912962,-0.4250965025587132,-0.17018866595479654
14875,0.1546316941315536,-0.2951776193616089,-0.06493270805382323
14878,-0.7953432237819321,0.6142545630181209,-0.0637339361463389
14880,-0.15536012118758386,-0.16525873616450468,-0.15116525771819975
14881,-0.7253450719356752,-0.4250965025587132,-0.199604769920438
14882,-0.6553469200894184,-0.2951776193616089,-0.1623949789573914
14883,-0.7353448079137119,0.2244979134268081,-0.14326249026867446
14885,0.3946253576044342,-0.4250965025587132,-0.1428473167111149
14886,1.6045934109468738,-0.4250965025587132,-0.18742782965314128
14887,-0.13536064923151048,-0.4250965025587132,-0.020779612393573992
14888,1.144605555957186,-0.4250965025587132,-0.1869380806844383
14889,2.4345714971239194,-0.4250965025587132,-0.21290590668407566
14890,1.6145931469249106,-0.4250965025587132,-0.214046799167986
14891,0.5546211332530212,-0.2951776193616089,-0.16632632749707077
14893,-0.8253424317160422,-0.2951776193616089,-0.09025161666992915
14894,-0.07536223336329032,-0.4250965025587132,-0.15504317909765697
14895,-0.8453419036721156,2.043362278186268,1.011779286573832
14896,1.1246060840011127,-0.2951776193616089,-0.17585528413585755
14897,-0.8453419036721156,-0.03533985296740041,-0.07594538145461241
14898,-0.6953458640015652,0.2244979134268081,-0.08674991154370286
14901,-0.8153426957380054,0.6142545630181209,-0.06983353693836687
14902,-0.6653466560674551,-0.4250965025587132,-0.19100522325634892
14903,-0.7153453359576386,0.09457903022970385,0.08310616146086892
14904,-0.9053403195403357,-0.2951776193616089,-0.1138942481340653
14905,0.6546184930333881,-0.2951776193616089,-0.15945091981598375
14907,-0.8953405835622991,0.35441679662391234,0.16166300910666428
14908,-0.18535932912169392,-0.4250965025587132,-0.19711150244340467
14910,-0.8953405835622991,-0.03533985296740041,-0.17968645675012038
14911,-0.9153400555183724,25.55868013686214,15.767966914623054
14912,-0.7553442798697854,-0.2951776193616089,-0.1314350526744976
14913,-0.5653492962870882,-0.03533985296740041,-0.09141143127308482
14915,-0.015363817495070167,-0.2951776193616089,-0.1938079230363355
14916,-0.215358537055804,-0.03533985296740041,-0.08678664271635558
14918,0.23462958195584713,-0.2951776193616089,-0.048812175522629564
14920,1.2046039718254062,-0.2951776193616089,-0.11920023298362688
14921,-0.6253477121553084,-0.2951776193616089,-0.08154521568539579
14923,-0.4153532566165378,-0.4250965025587132,-0.14465270950028816
14924,1.5345952591006171,-0.4250965025587132,-0.19352186511597946
14929,-0.6053482401992349,-0.4250965025587132,-0.20311315344169203
14930,0.16463143010959028,-0.16525873616450468,0.03498053382493579
14931,-0.8753411116062256,0.09457903022970385,-0.08804440711325186
14932,2.73456357646502,-0.4250965025587132,-0.18756918901456238
14934,-0.1053614412974004,-0.2951776193616089,-0.017558399858513953
14935,2.0445817939804884,-0.4250965025587132,-0.02938249825517695
14936,-0.5853487682431616,0.4843356798210166,0.6776714270588238
14937,-0.3553548407483177,-0.16525873616450468,-0.047506549294700946
14944,-0.6253477121553084,1.0040112126094336,0.4287041996211519
14946,-0.7853434878038954,-0.4250965025587132,-0.21680163711694023
14947,-0.2053588010777673,-0.2951776193616089,-0.19566229072237906
14948,-0.6953458640015652,0.2244979134268081,-0.1053759552761474
14950,-0.7353448079137119,-0.4250965025587132,-0.18671546751684603
14951,-0.13536064923151048,-0.4250965025587132,-0.1933393223185538
14952,-0.3253556328142076,0.8740923294123294,0.673494090968955
14953,-0.6753463920454919,-0.4250965025587132,-0.19623551962892913
14954,-0.8053429597599688,-0.4250965025587132,-0.19521372518968066
14957,1.6045934109468738,-0.4250965025587132,-0.22152214933573416
14958,0.5446213972749846,-0.16525873616450468,-0.17419013764226743
14959,-0.28535668890206084,-0.03533985296740041,-0.15062764691846445
14960,-0.8453419036721156,-0.2951776193616089,-0.20340366362539997
14961,-0.8153426957380054,0.6142545630181209,0.556086793314958
14962,1.7845886585515343,-0.4250965025587132,-0.21392992725500007
14963,-0.8253424317160422,0.09457903022970385,-0.06415133583557439
14964,1.5445949950786537,-0.4250965025587132,-0.20507994077736968
14965,0.03463486239511329,-0.2951776193616089,-0.16168372988693414
14966,-0.7753437518258587,-0.4250965025587132,-0.20766114045560197
14967,-0.42535299259457454,-0.4250965025587132,-0.17640847785732433
14968,-0.6253477121553084,-0.4250965025587132,-0.2116047327194989
14970,-0.24535774498991408,-0.03533985296740041,-0.05082571162350159
14971,-0.5753490322651249,-0.16525873616450468,-0.10582006854549397
14972,0.3546264136922874,-0.4250965025587132,-0.21525781479968792
14973,0.1446319581535169,-0.16525873616450468,-0.0817255323511455
14974,-0.5553495603090515,-0.4250965025587132,-0.21802155727534583
14975,-0.3553548407483177,-0.4250965025587132,-0.19687330635408096
14976,-0.3553548407483177,0.35441679662391234,-0.1400045465609617
14978,-0.2053588010777673,0.09457903022970385,-0.014171340513597707
14981,1.5345952591006171,-0.4250965025587132,-0.216665843084709
14984,-0.7353448079137119,-0.2951776193616089,-0.20550735805914686
14985,1.0546079321548558,-0.2951776193616089,-0.19552983588766165
14987,-0.7653440158478221,-0.2951776193616089,-0.1917020024709127
14988,1.1946042358473694,-0.4250965025587132,-0.1907959668788122
14995,-0.5353500883529781,-0.2951776193616089,-0.20221157011294338
14997,-0.4653519365067213,-0.16525873616450468,-0.1672368153525231
14998,0.7746153247698284,-0.2951776193616089,-0.18185470900246903
15000,-0.4453524645506479,-0.4250965025587132,-0.1734343659382917
15002,0.23462958195584713,-0.03533985296740041,-0.04529377440883388
15004,0.5446213972749846,-0.4250965025587132,-0.09215273312116705
15005,-0.7653440158478221,3.082713343763102,0.4726836570106792
15006,-0.4153532566165378,-0.4250965025587132,-0.17456301469798446
15007,0.6646182290114249,-0.4250965025587132,-0.21056735535851895
15009,-0.8053429597599688,-0.16525873616450468,-0.08784962059160863
15010,-0.5653492962870882,-0.4250965025587132,-0.19364541542399316
15012,-0.38535404868242773,-0.2951776193616089,-0.18294885272118497
15014,-0.49535114444083134,-0.2951776193616089,-0.1993521039752208
15016,0.8046145327039386,-0.4250965025587132,-0.20910589991327574
15017,-0.5853487682431616,-0.4250965025587132,-0.21405459062885174
15018,-0.5353500883529781,-0.16525873616450468,-0.1728010314764917
15019,1.7445897146393876,-0.4250965025587132,-0.19989305397247
15021,-0.8353421676940789,0.6142545630181209,-0.01969214706988579
15022,-0.8053429597599688,-0.03533985296740041,-0.1331558524599858
15023,-0.8953405835622991,0.8740923294123294,0.5199934073873866
15024,-0.8253424317160422,0.7441734462152251,-0.04588703850046725
15025,-0.5953485042211982,-0.4250965025587132,-0.1877439403511223
15026,-0.1253609132534738,-0.16525873616450468,-0.17582968362158444
15027,-0.6153479761772717,-0.03533985296740041,-0.10936295710772481
15028,-0.8453419036721156,-0.03533985296740041,-0.15822877352590223
15030,-0.2053588010777673,-0.2951776193616089,-0.17034449517211112
15031,-0.8853408475842623,-0.03533985296740041,-0.15532812395217507
15032,1.6345926188809838,-0.16525873616450468,0.3239480082814233
15033,-0.8753411116062256,0.7441734462152251,0.05659849852982032
15034,-0.7653440158478221,0.4843356798210166,0.24770967677610128
15035,-0.02536355347310686,-0.4250965025587132,-0.19990195849917367
15036,-0.2053588010777673,-0.16525873616450468,-0.18021961528650385
15038,-0.3353553687922443,0.2244979134268081,-0.15170509464961102
15039,-0.8253424317160422,5.551172124508082,1.9721191347767948
15041,0.7746153247698284,-0.4250965025587132,-0.208005077799532
15042,1.0646076681328924,-0.4250965025587132,-0.21290256748656178
15043,-0.6153479761772717,-0.4250965025587132,-0.16826083592344754
15044,-0.7353448079137119,1.653605628594955,0.6217632430838651
15045,0.594620077165168,-0.2951776193616089,-0.14614866998650816
15046,-0.8353421676940789,1.3937678622007466,0.33856478886553115
15047,1.7745889225734977,-0.4250965025587132,-0.18978530309794334
15048,-0.2753569529240241,-0.03533985296740041,-0.18562466299564395
15049,1.8145878664856443,-0.4250965025587132,-0.21454545266339267
15050,-0.6753463920454919,-0.16525873616450468,-0.034616133825271025
15051,-0.6953458640015652,-0.16525873616450468,-0.07405539566175413
15052,2.2645759854972956,-0.4250965025587132,-0.20491075476999956
15053,-0.8753411116062256,-0.16525873616450468,-0.15079126759664477
15054,-0.8053429597599688,-0.2951776193616089,-0.19440675245715872
15057,1.8245876024636811,-0.2951776193616089,-0.062241314857632776
15058,-0.6753463920454919,0.8740923294123294,0.005994073272747349
15059,-0.5153506163969047,0.6142545630181209,-0.07913542814620954
15060,-0.8453419036721156,-0.03533985296740041,-0.1952805091399583
15061,-0.8853408475842623,5.681091007705187,5.841976352237968
15062,-0.215358537055804,-0.03533985296740041,-0.1180771495531239
15063,1.2046039718254062,-0.4250965025587132,-0.1867599901503645
15065,-0.5453498243310149,-0.03533985296740041,0.12348819006210526
15066,-0.39535378466046445,-0.4250965025587132,-0.12857002120758518
15067,-0.14536038520954717,-0.16525873616450468,-0.03382919627783239
15068,-0.4653519365067213,-0.2951776193616089,-0.1664398602125428
15069,0.8646129485721586,-0.4250965025587132,-0.10453447750264866
15070,2.8045617283112767,-0.4250965025587132,-0.21621171222282073
15071,0.014635390439039907,-0.2951776193616089,-0.1187216146733035
15073,-0.8253424317160422,-0.16525873616450468,-0.11189406882324883
15074,0.1246324861974435,-0.4250965025587132,-0.1461475569206702
15075,-0.14536038520954717,-0.4250965025587132,-0.14198914295004675
15076,0.8046145327039386,-0.4250965025587132,-0.1299880670851479
15078,-0.8553416396501522,3.602388876551519,0.8564398182279518
15079,1.2046039718254062,-0.03533985296740041,-0.12834518190831698
15081,-0.7053455999796019,0.09457903022970385,-0.17184490792168294
15083,1.6445923548590207,-0.4250965025587132,-0.2182152307311511
15087,1.8945857543099378,-0.4250965025587132,-0.19386802859158542
15088,-0.7153453359576386,-0.2951776193616089,-0.09890904275759221
15089,-0.8253424317160422,0.2244979134268081,0.04142295889505586
15090,2.154578889738892,-0.4250965025587132,-0.1855890448888292
15091,-0.24535774498991408,-0.4250965025587132,-0.17452628352533173
15092,1.2246034437814797,-0.2951776193616089,-0.17707520429426316
15093,-0.7453445438917486,0.2244979134268081,0.2836461204205202
15095,0.11463275021940682,-0.03533985296740041,-0.07547566767099276
15096,-0.49535114444083134,-0.4250965025587132,-0.2036129200029367
15097,-0.8853408475842623,-0.4250965025587132,-0.2004195341138257
15098,0.8946121565062688,-0.16525873616450468,4.214936780676292
15099,-0.085361969341327,-0.4250965025587132,-0.18234334490533402
15100,2.4145720251678457,-0.16525873616450468,-0.13052790401655912
15101,-0.8353421676940789,-0.2951776193616089,-0.1926892918691844
15103,-0.6153479761772717,-0.2951776193616089,-0.14974387264312317
15104,1.0446081961768192,-0.2951776193616089,-0.1174449281571619
15105,-0.7453445438917486,0.35441679662391234,0.027853573264469498
15106,-0.7453445438917486,0.09457903022970385,-0.06969662984029763
15107,2.184578097673002,0.2244979134268081,-0.192470017899106
15108,0.4946227173848011,-0.03533985296740041,-0.08330608584105056
15109,1.5345952591006171,-0.4250965025587132,-0.17405434361003613
15110,-0.6853461280235285,-0.03533985296740041,-0.11715998330264381
15111,-0.6353474481333451,-0.16525873616450468,-0.053561627453210484
15113,-0.8253424317160422,-0.16525873616450468,0.16259019294968605
15114,-0.6253477121553084,0.7441734462152251,0.07923603154227744
15115,-0.7453445438917486,-0.4250965025587132,-0.19017598920706774
15116,-0.7453445438917486,-0.03533985296740041,-0.07746249019175369
15117,-0.7753437518258587,0.09457903022970385,-0.05530914081880974
15118,0.41462482956050756,-0.4250965025587132,-0.200784619708677
15119,1.5345952591006171,-0.4250965025587132,-0.19838039749868056
15120,0.41462482956050756,-0.4250965025587132,-0.18809344302424216
15121,-0.42535299259457454,-0.2951776193616089,-0.17708522188680478
15122,0.21463010999977375,-0.16525873616450468,-0.046182000947527
15123,-0.8553416396501522,-0.2951776193616089,0.016765211386698942
15124,-0.6953458640015652,-0.2951776193616089,-0.2075309117525605
15125,-0.6753463920454919,1.3937678622007466,1.05516325374005
15127,-0.26535721694598746,-0.4250965025587132,-0.18278300591132873
15128,-0.3253556328142076,-0.03533985296740041,-0.0643004866578612
15129,-0.42535299259457454,0.8740923294123294,0.15568584555681206
15130,0.7746153247698284,-0.4250965025587132,-0.19128905504502905
15132,-0.7453445438917486,0.09457903022970385,-0.11918242393021952
15133,0.3546264136922874,-0.16525873616450468,-0.11868265736897486
15134,-0.7753437518258587,0.4843356798210166,-0.07354004617877803
15135,1.4645971072543602,-0.4250965025587132,-0.21255529094511785
15136,-0.8953405835622991,-0.03533985296740041,-0.08481429005148813
15139,1.4745968432323968,-0.2951776193616089,-0.20811304518581425
15140,-0.4053535206385011,0.35441679662391234,0.03401105348007148
15142,-0.4653519365067213,-0.4250965025587132,-0.1725194258194875
15143,1.3346005395398832,-0.4250965025587132,-0.19915397825606368
15144,-0.8453419036721156,1.653605628594955,0.5044138248534422
15145,-0.8853408475842623,-0.03533985296740041,-0.0950511565632183
15146,0.724616644879645,-0.2951776193616089,-0.08031082567109667
15147,1.4745968432323968,-0.4250965025587132,-0.1586328164250822
15148,-0.8153426957380054,-0.4250965025587132,-0.19449691079003356
15149,0.41462482956050756,-0.4250965025587132,-0.17006400258094487
15150,-0.7553442798697854,0.7441734462152251,0.3609273946160118
15152,-0.8253424317160422,1.133930095806538,0.3001940702334909
15153,-0.6153479761772717,-0.4250965025587132,-0.19138477870709375
15154,-0.17535959314365723,-0.4250965025587132,-0.1997294332942897
15156,-0.9153400555183724,-0.16525873616450468,-0.12101230416782789
15157,-0.8853408475842623,-0.16525873616450468,-0.012535133731794577
15158,-0.47535167248475796,-0.4250965025587132,-0.18335400868620289
15159,-0.9053403195403357,3.34255111015731,1.8468346701875455
15160,2.6445659526626897,-0.4250965025587132,-0.21042822212877377
15163,-0.7453445438917486,-0.2951776193616089,-0.19414295585356187
15164,-0.23535800901187737,-0.16525873616450468,-0.1362512885553562
15165,2.8045617283112767,-0.4250965025587132,-0.17374268517540697
15167,2.2845754574533688,-0.4250965025587132,-0.21035698591514426
15168,-0.6653466560674551,-0.4250965025587132,-0.21617164185265414
15171,2.3845728172337357,-0.4250965025587132,-0.08450263161685898
15172,-0.8353421676940789,0.09457903022970385,-0.047265014007863364
15174,2.3045749294094424,-0.4250965025587132,-0.2129226026716451
15175,-0.2053588010777673,-0.4250965025587132,-0.20308421372990507
15178,1.6745915627931307,-0.4250965025587132,-0.22352455477822655
15179,-0.7453445438917486,0.09457903022970385,0.017615593686901368
15180,2.744563312443056,-0.4250965025587132,-0.2182931453398084
15181,-0.26535721694598746,-0.16525873616450468,-0.15128880802621347
15182,0.6146195491212414,-0.2951776193616089,-0.1587051657045497
15184,-0.6353474481333451,-0.2951776193616089,-0.18326496341916598
15185,-0.22535827303384068,-0.4250965025587132,-0.19345842036321567
15186,-0.7853434878038954,-0.2951776193616089,-0.1822398297824036
15187,-0.9053403195403357,1.5236867453978509,0.30369911455723114
15189,-0.9153400555183724,4.771658825325457,1.5779602602379355
15192,0.2746285258679939,-0.16525873616450468,-0.11179277983199437
15193,-0.31535589683617093,-0.4250965025587132,-0.17245486800088575
15194,-0.8953405835622991,1.3937678622007466,0.6197374632587755
15195,-0.8953405835622991,-0.4250965025587132,0.20172224861489182
15197,-0.8153426957380054,-0.16525873616450468,-0.10786477048982891
15198,-0.0053640815170334765,-0.2951776193616089,-0.20647906453568707
15199,-0.3353553687922443,-0.03533985296740041,-0.0868178085598185
15201,-0.05536276140721694,0.09457903022970385,-0.09039742829470207
15203,-0.6653466560674551,0.2244979134268081,-0.024586297559401674
15204,2.6445659526626897,-0.4250965025587132,-0.19279503312379073
15205,-0.07536223336329032,-0.2951776193616089,-0.15532255862298527
15206,-0.8253424317160422,-0.03533985296740041,-0.18125031425245602
15208,-0.9153400555183724,0.09457903022970385,-0.1311823867292804
15210,1.3246008035618464,-0.4250965025587132,-0.1911699570003672
15211,-0.3253556328142076,-0.2951776193616089,-0.12847874980887236
15212,1.4845965792104336,-0.4250965025587132,-0.21670146119152373
15213,2.2645759854972956,-0.2951776193616089,-0.19148495463251028
15214,-0.9053403195403357,0.4843356798210166,-0.043103260839726015
15215,-0.4553522005286846,-0.16525873616450468,-0.14622881072684135
15216,-0.04536302542918024,-0.4250965025587132,-0.21728025542726362
15218,-0.8153426957380054,0.8740923294123294,0.4127472877681386
15219,0.8346137406380486,-0.4250965025587132,-0.19400048342630283
15220,-0.4053535206385011,0.2244979134268081,-0.030022511112004702
15221,2.73456357646502,-0.4250965025587132,-0.18314809150618006
15222,2.2645759854972956,-0.4250965025587132,-0.16291811990123325
15223,1.3346005395398832,-0.2951776193616089,-0.1439125207180439
15224,2.654565688640726,-0.2951776193616089,-0.19218284691291201
15225,1.4145984273641767,-0.4250965025587132,-0.18246355601583383
15226,2.184578097673002,-0.4250965025587132,-0.21084562181800925
15227,-0.5553495603090515,0.09457903022970385,-0.09230522314096774
15228,-0.26535721694598746,-0.03533985296740041,0.14893064898622488
15230,1.4645971072543602,-0.2951776193616089,-0.180215163023152
15232,0.20463037402173703,-0.2951776193616089,-0.15990616374370994
15234,1.8445870744197546,-0.4250965025587132,-0.20610507441413206
15235,1.2546026517155897,1.0040112126094336,0.022130188725672486
15236,2.0645812659365617,-0.4250965025587132,-0.19229749269422203
15237,-0.9053403195403357,-0.03533985296740041,-0.07083195699501817
15238,-0.6353474481333451,-0.16525873616450468,-0.10871292665835541
15239,-0.8253424317160422,-0.2951776193616089,-0.14114766517654798
15240,-0.47535167248475796,0.09457903022970385,-0.03807999471300663
15241,-0.25535748096795075,0.4843356798210166,-0.03252913537909357
15243,-0.18535932912169392,-0.4250965025587132,-0.1927839024654111
15244,-0.2753569529240241,-0.2951776193616089,-0.1577345722938474
15245,0.41462482956050756,-0.16525873616450468,0.0519970843556883
15246,1.4545973712763234,-0.2951776193616089,-0.1708041913631891
15247,0.2946279978240673,-0.4250965025587132,-0.18840732759054724
15249,-0.6053482401992349,1.133930095806538,0.5164371620351004
15251,-0.8353421676940789,0.8740923294123294,0.9390159466146253
15252,-0.5653492962870882,-0.2951776193616089,-0.14557878027747195
15253,-0.7653440158478221,0.09457903022970385,-0.1258307661803624
15254,0.3446266777142507,-0.4250965025587132,-0.19460042591296395
15255,-0.25535748096795075,-0.4250965025587132,-0.1288750012471866
15256,0.5646208692310579,-0.4250965025587132,-0.21707433824724076
15257,1.9045854902879746,-0.4250965025587132,-0.1927315883710269
15258,0.7646155887917918,-0.2951776193616089,-0.1586706606635729
15260,0.07463380630726006,0.35441679662391234,-0.02648184868144978
15261,0.4246245655385443,-0.4250965025587132,-0.19966932773903978
15262,2.314574665387479,-0.4250965025587132,-0.20811415825165222
15263,0.1446319581535169,-0.4250965025587132,-0.2106118779920374
15264,-0.28535668890206084,-0.4250965025587132,-0.18420661711808126
15265,0.5846203411871314,-0.2951776193616089,-0.060391399434941095
15266,2.4545709690799926,-0.4250965025587132,-0.21475359597509144
15267,-0.7053455999796019,0.09457903022970385,-0.036878996673846386
15269,-0.6853461280235285,-0.4250965025587132,-0.1825303399661115
15270,-0.7653440158478221,0.35441679662391234,0.0368204316550858
15271,-0.8553416396501522,1.3937678622007466,0.049492686220275355
15272,-0.3553548407483177,-0.2951776193616089,-0.14767579631619107
15274,-0.8853408475842623,-0.2951776193616089,-0.14827351267117628
15275,-0.5453498243310149,-0.4250965025587132,-0.15956333946561788
15276,-0.26535721694598746,-0.4250965025587132,-0.21371510554827353
15277,-0.4553522005286846,-0.4250965025587132,-0.19954911662853994
15279,2.624566480706616,-0.4250965025587132,-0.19569679576335586
15280,0.7946147967259019,-0.4250965025587132,-0.21544147066295152
15281,-0.3353553687922443,0.6142545630181209,0.031551177978177
15286,-0.42535299259457454,-0.4250965025587132,-0.20125767268981057
15287,-0.7053455999796019,-0.2951776193616089,-0.17386067015423087
15288,-0.49535114444083134,0.09457903022970385,0.02869839023548215
15289,-0.6353474481333451,-0.16525873616450468,-0.1234287701020419
15290,-0.8753411116062256,1.7835245117920593,0.6561002111191336
15291,-0.6653466560674551,1.3937678622007466,0.29158005371350837
15292,1.0846071400889659,-0.4250965025587132,-0.20817648993857807
15296,-0.4153532566165378,0.2244979134268081,0.18078102793948775
15297,-0.8253424317160422,-0.16525873616450468,-0.15658032301988153
15298,-0.9053403195403357,1.0040112126094336,0.30622800014107915
15299,-0.25535748096795075,0.35441679662391234,0.27362741481303043
15300,-0.28535668890206084,-0.4250965025587132,-0.1727754309622186
15301,-0.4153532566165378,1.0040112126094336,0.3340602114193017
15303,1.9745836421342315,-0.4250965025587132,-0.16414026619131475
15304,-0.31535589683617093,0.4843356798210166,-0.1507411796339365
15306,-0.28535668890206084,-0.16525873616450468,-0.09731958474098347
15307,0.03463486239511329,-0.4250965025587132,-0.20518122976862418
15308,1.8145878664856443,-0.4250965025587132,-0.19347511635078507
15311,-0.9153400555183724,11.26760298518067,6.52079179724289
15312,-0.17535959314365723,-0.03533985296740041,-0.12509057739811813
15313,0.17463116608762697,-0.4250965025587132,-0.22224452906457104
15314,1.0646076681328924,-0.4250965025587132,-0.1915272511343528
15315,-0.28535668890206084,-0.2951776193616089,-0.16453206536627715
15316,2.344573873321589,-0.4250965025587132,-0.20966688509560824
15318,-0.8853408475842623,-0.4250965025587132,-0.19323580719562342
15319,1.9145852262660112,-0.4250965025587132,-0.2052702750356611
15320,-0.4853514084627947,-0.4250965025587132,-0.1982991436925094
15321,-0.215358537055804,-0.16525873616450468,0.07787252589077484
15322,-0.06536249738525363,-0.4250965025587132,-0.15237961254741558
15325,0.11463275021940682,-0.4250965025587132,-0.21002974455878365
15326,2.4145720251678457,-0.4250965025587132,-0.19333709618687786
15327,-0.39535378466046445,-0.4250965025587132,-0.20479722205452752
15329,-0.5353500883529781,-0.16525873616450468,-0.11119395041117118
15330,-0.6053482401992349,-0.2951776193616089,-0.14845271627108805
15332,2.73456357646502,-0.03533985296740041,-0.04314555734156855
15333,1.1546052919352228,-0.4250965025587132,-0.11354697159262139
15334,0.6446187570553514,-0.16525873616450468,-0.1889838956946112
15335,-0.38535404868242773,-0.4250965025587132,-0.20908586472819243
15339,-0.26535721694598746,-0.2951776193616089,-0.16413470086212492
15341,-0.11536117727543709,-0.4250965025587132,-0.003135292730211311
15342,0.3746258856483608,-0.4250965025587132,-0.18283198080819904
15343,-0.05536276140721694,-0.4250965025587132,-0.18746122162828013
15344,-0.9153400555183724,-0.16525873616450468,-0.16526223655597974
15345,-0.4653519365067213,-0.4250965025587132,-0.18422887843484048
15346,2.4045722891898094,-0.4250965025587132,-0.19993646354015046
15347,2.73456357646502,-0.4250965025587132,-0.20559306412866987
15348,-0.2053588010777673,-0.4250965025587132,-0.21044157891882934
15349,0.6546184930333881,-0.2951776193616089,-0.17639623413310673
15350,2.8045617283112767,-0.4250965025587132,-0.2151598650059473
15351,-0.8053429597599688,0.35441679662391234,-0.012692076014947106
15353,1.6245928829029472,-0.2951776193616089,-0.14231304510889348
15355,-0.6353474481333451,-0.2951776193616089,-0.19719498238125177
15356,-0.6153479761772717,0.7441734462152251,0.07450216253342802
15358,-0.8753411116062256,2.303200044580476,0.7010658448410946
15360,-0.5253503523749414,-0.4250965025587132,-0.18040104501809154
15361,2.694564632552873,-0.4250965025587132,-0.18140391733809466
15363,2.8045617283112767,-0.4250965025587132,-0.19174652510443116
15364,0.03463486239511329,-0.2951776193616089,-0.126388412165181
15365,-0.6653466560674551,0.35441679662391234,0.02956658158909199
15366,-0.17535959314365723,-0.2951776193616089,-0.160969141618963
15367,-0.3553548407483177,-0.03533985296740041,-0.019044342752192318
15368,-0.7153453359576386,-0.4250965025587132,-0.17828510686012708
15370,-0.5153506163969047,0.35441679662391234,0.037550602844788464
15372,0.44462403749461765,-0.4250965025587132,-0.004595635109616537
15373,-0.8453419036721156,1.0040112126094336,0.0408742174369409
15374,0.3646261496703241,-0.4250965025587132,-0.20933296534421986
15376,-0.5253503523749414,-0.16525873616450468,-0.09206480091996812
15379,0.7646155887917918,0.35441679662391234,0.184168087284404
15380,-0.8353421676940789,0.09457903022970385,-0.039895405094721524
15381,1.2146037078034428,-0.2951776193616089,-0.1615991368832491
15382,-0.7753437518258587,0.2244979134268081,0.4348772627584853
15384,0.7746153247698284,-0.2951776193616089,-0.15652800892549737
15385,-0.5253503523749414,-0.4250965025587132,-0.19276164114865185
15386,0.9346111004184156,-0.4250965025587132,-0.1841620944845628
15388,1.7745889225734977,-0.4250965025587132,-0.21238944413526162
15389,0.7946147967259019,-0.4250965025587132,-0.17237917952390439
15392,-0.8753411116062256,-0.03533985296740041,-0.05711787280549687
15393,-0.7653440158478221,-0.2951776193616089,-0.20222492690299892
15394,-0.8253424317160422,-0.03533985296740041,0.015009906560233958
15395,2.3345741373435525,-0.4250965025587132,-0.21607257899307558
15396,0.20463037402173703,-0.4250965025587132,-0.19595614010360082
15397,1.9745836421342315,-0.4250965025587132,-0.21756965254513355
15398,-0.7653440158478221,-0.2951776193616089,-0.07826612372676175
15399,-0.9153400555183724,-0.16525873616450468,-0.1372318995586001
15400,-0.0053640815170334765,0.09457903022970385,-0.14831469610718084
15402,0.5646208692310579,-0.2951776193616089,-0.15826884389606885
15405,0.9646103083525256,-0.4250965025587132,-0.18917534301874056
15406,-0.6153479761772717,-0.2951776193616089,-0.1711870860114478
15407,-0.5853487682431616,-0.03533985296740041,-0.11152341789920772
15408,1.7145905067052774,-0.4250965025587132,-0.19829357836331957
15410,-0.085361969341327,0.4843356798210166,0.15606874020507075
15411,-0.6653466560674551,-0.03533985296740041,-0.0778876813418549
15412,0.7846150607478651,-0.4250965025587132,-0.20682522801129302
15414,-0.8253424317160422,-0.16525873616450468,-0.14178099963834795
15415,2.2045775696290755,-0.4250965025587132,-0.165744194063817
15416,-0.2753569529240241,-0.03533985296740041,0.2154485765286307
15417,-0.07536223336329032,-0.4250965025587132,-0.17139968158649843
15419,-0.6753463920454919,-0.4250965025587132,-0.2129103589474275
15421,-0.3353553687922443,-0.03533985296740041,-0.12225114644547881
15422,2.3045749294094424,-0.2951776193616089,-0.21715781818508786
15423,-0.5453498243310149,-0.4250965025587132,-0.22319063502683817
15424,1.6145931469249106,-0.2951776193616089,-0.18536420558956102
15426,-0.7353448079137119,0.09457903022970385,-0.07175023631133626
15427,-0.5953485042211982,-0.16525873616450468,-0.06880395103825267
15428,-0.7753437518258587,-0.4250965025587132,-0.2175941399935687
15429,-0.6553469200894184,-0.2951776193616089,-0.18380480035057722
15432,-0.6953458640015652,-0.4250965025587132,-0.2089778973419102
15433,1.2146037078034428,-0.2951776193616089,-0.16867267028349323
15434,-0.8453419036721156,0.09457903022970385,-0.11210889052997537
15435,-0.7053455999796019,-0.4250965025587132,-0.21141551152704546
15436,-0.8053429597599688,-0.16525873616450468,-0.10918486657365102
15437,1.6945910347492041,-0.4250965025587132,-0.20575334560933628
15438,0.3846256216263975,-0.4250965025587132,-0.21060408653117169
15440,-0.37535431270439107,-0.16525873616450468,-0.18532636135107033
15442,1.5645944670347272,-0.4250965025587132,-0.16191636064706807
15443,-0.9053403195403357,0.35441679662391234,0.1296612531994387
15444,-0.8353421676940789,-0.2951776193616089,-0.07095550730303186
15445,1.7145905067052774,-0.4250965025587132,-0.21539917416110899
15447,2.3845728172337357,-0.4250965025587132,-0.2107610288143242
15448,2.2045775696290755,-0.4250965025587132,-0.17297578281305165
15449,-0.6653466560674551,-0.16525873616450468,-0.1195619793809643
15450,-0.6253477121553084,-0.4250965025587132,-0.18018844944304094
15452,-0.6253477121553084,-0.16525873616450468,-0.16920916801739055
15453,-0.9053403195403357,0.35441679662391234,-0.07534543896795128
15454,2.694564632552873,-0.4250965025587132,-0.20809746226408282
15456,1.9045854902879746,-0.16525873616450468,-0.17965974317000932
15457,1.6945910347492041,-0.4250965025587132,-0.2016450196014211
15458,-0.6753463920454919,-0.4250965025587132,-0.21004087521716328
15460,2.614566744728579,-0.4250965025587132,-0.20418392277781083
15462,0.014635390439039907,-0.16525873616450468,-0.20191994686339754
15463,-0.6353474481333451,-0.4250965025587132,-0.2139922589419259
15464,2.4545709690799926,-0.4250965025587132,-0.11175604865934163
15465,-0.7253450719356752,1.7835245117920593,0.590585155896731
15466,-0.07536223336329032,-0.4250965025587132,-0.19079707994465017
15467,-0.8353421676940789,-0.16525873616450468,-0.16960987171905662
15468,-0.4153532566165378,-0.2951776193616089,-0.17599553043144067
15469,-0.42535299259457454,-0.2951776193616089,-0.16808831071856353
15471,-0.9053403195403357,-0.4250965025587132,-0.17744585521830425
15472,0.20463037402173703,-0.4250965025587132,-0.18667539714667944
15473,-0.7853434878038954,0.35441679662391234,-0.03088625020226268
15475,-0.15536012118758386,-0.4250965025587132,-0.17748703865430882
15478,-0.5253503523749414,-0.2951776193616089,-0.07221215863409018
15480,0.23462958195584713,-0.4250965025587132,-0.12724435979457327
15482,-0.7653440158478221,1.0040112126094336,0.982956446699824
15483,0.6846177009674982,-0.03533985296740041,-0.2029595503560534
15484,-0.9153400555183724,-0.03533985296740041,0.17160380010549672
15485,-0.6253477121553084,-0.16525873616450468,0.057413262723208014
15488,0.004635654461003215,-0.4250965025587132,-0.2178679541897072
15489,-0.6953458640015652,-0.16525873616450468,-0.10177963955369443
15491,0.0246351264170766,0.2244979134268081,0.11702795593857782
15492,-0.6453471841113817,-0.2951776193616089,-0.15463023167177334
15493,-0.5953485042211982,0.09457903022970385,-0.01060507756876965
15494,-0.7153453359576386,-0.2951776193616089,-0.08549548634432047
15497,-0.7453445438917486,-0.2951776193616089,-0.08754130135449334
15498,-0.8953405835622991,2.9527944605659977,1.2541705210408285
15500,-0.8453419036721156,-0.03533985296740041,-0.1020823934616199
15502,-0.7653440158478221,1.0040112126094336,0.9278786098399845
15503,2.7045643685309098,-0.4250965025587132,-0.21233379084336354
15504,-0.11536117727543709,-0.4250965025587132,-0.22215214460002028
15505,-0.39535378466046445,0.09457903022970385,0.17389115040250724
15506,-0.6953458640015652,-0.16525873616450468,-0.11983356744542688
15507,0.7946147967259019,-0.4250965025587132,-0.17506612045674297
15508,0.9646103083525256,0.2244979134268081,-0.11669583484821394
15510,2.3845728172337357,-0.4250965025587132,-0.2002058254729371
15511,-0.8053429597599688,0.09457903022970385,-0.12779755351604005
15512,0.6346190210773148,-0.2951776193616089,-0.214564374782638
15513,-0.5953485042211982,1.9134433949891636,1.414654579689766
15514,-0.8053429597599688,0.8740923294123294,0.21983405593019822
15516,-0.47535167248475796,-0.16525873616450468,-0.2210836013955774
15517,1.4045986913861401,-0.4250965025587132,-0.19831027435088902
15518,-0.28535668890206084,0.4843356798210166,-0.014151305328514396
15520,-0.9053403195403357,-0.4250965025587132,-0.18979865988799888
15521,-0.5253503523749414,0.4843356798210166,0.10590954128318227
15522,-0.5953485042211982,-0.2951776193616089,-0.1837335641369477
15523,-0.085361969341327,-0.4250965025587132,-0.18217304583212593
15524,-0.6753463920454919,-0.4250965025587132,-0.17905757455167223
15525,-0.9053403195403357,-0.16525873616450468,-0.14629225547960517
15526,-0.5953485042211982,-0.2951776193616089,-0.21151012212327217
15527,-0.7353448079137119,0.4843356798210166,0.04227890652444811
15528,1.6145931469249106,-0.4250965025587132,-0.20250653256000314
15529,-0.6953458640015652,0.8740923294123294,0.2130309975285787
15530,-0.7053455999796019,-0.03533985296740041,-0.061372010438185
15531,-0.8453419036721156,-0.2951776193616089,-0.008492478608319082
15532,-0.6753463920454919,-0.03533985296740041,-0.05386772055864984
15533,-0.7353448079137119,-0.16525873616450468,-0.13814461354572835
15535,0.8046145327039386,-0.03533985296740041,-0.17205639043089557
15537,0.7046171729235716,-0.4250965025587132,-0.215686345147303
15539,-0.8553416396501522,-0.4250965025587132,-0.16809832831110516
15540,-0.8153426957380054,-0.4250965025587132,-0.20429077709825513
15541,0.21463010999977375,-0.4250965025587132,-0.21855694194340522
15543,1.954584170178158,-0.4250965025587132,-0.21380081161779657
15544,-0.8353421676940789,0.6142545630181209,0.16673970239360583
15545,-0.38535404868242773,-0.2951776193616089,-0.1958682079024019
15547,-0.8553416396501522,1.2638489790036422,0.3185496389673109
15549,-0.15536012118758386,-0.16525873616450468,-0.04087490303212747
15550,-0.8853408475842623,-0.03533985296740041,-0.16396106259140297
15551,-0.5553495603090515,-0.4250965025587132,-0.179496122491829
15552,1.2446029157375529,-0.4250965025587132,-0.21800152209026255
15553,-0.3253556328142076,-0.4250965025587132,-0.18028973843429538
15554,1.8545868103977912,-0.4250965025587132,-0.20385668142145022
15555,-0.8053429597599688,1.5236867453978509,0.30566701495874665
15556,-0.6853461280235285,-0.4250965025587132,-0.1968922284733263
15557,-0.6353474481333451,-0.4250965025587132,-0.17583970121412607
15561,-0.8053429597599688,-0.03533985296740041,-0.13892153350062536
15562,2.594567272772506,-0.4250965025587132,-0.21305617057220044
15563,-0.7053455999796019,-0.03533985296740041,-0.07215427921051619
15565,-0.42535299259457454,-0.2951776193616089,-0.20875862337183182
15567,-0.7353448079137119,-0.4250965025587132,-0.20732833377005153
15568,-0.8953405835622991,-0.16525873616450468,-0.1436298019952017
15569,0.11463275021940682,0.09457903022970385,-0.07490689102779452
15570,-0.8553416396501522,1.0040112126094336,0.2337585095630942
15571,-0.8053429597599688,-0.03533985296740041,-0.1556353301234524
15572,-0.8753411116062256,0.35441679662391234,0.05395385409882428
15573,-0.6053482401992349,-0.2951776193616089,-0.16222913214753518
15574,0.854613212594122,-0.03533985296740041,-0.15282929114595195
15576,-0.5453498243310149,-0.4250965025587132,-0.12547792430972868
15577,0.5846203411871314,-0.16525873616450468,-0.19921742300882747
15578,0.6946174369455349,-0.4250965025587132,-0.21388540462148162
15579,-0.23535800901187737,-0.2951776193616089,-0.19156843457035735
15581,0.2846282618460306,1.133930095806538,0.18110493009833448
15582,-0.6753463920454919,-0.16525873616450468,-0.1520200922817541
15584,-0.6853461280235285,-0.03533985296740041,-0.14779600742669088
15585,0.8446134766160853,-0.4250965025587132,-0.17735458381959143
15587,-0.42535299259457454,-0.03533985296740041,-0.12633387193912093
15589,1.6345926188809838,-0.16525873616450468,-0.17476893187800732
15592,-0.4553522005286846,-0.4250965025587132,-0.1847809590904693
15593,-0.215358537055804,-0.4250965025587132,-0.2057934159795029
15594,-0.7653440158478221,0.09457903022970385,-0.03082169238366093
15596,0.08463354228529675,0.09457903022970385,-0.07146974372017001
15597,-0.5753490322651249,-0.4250965025587132,-0.19190569351925962
15598,-0.39535378466046445,-0.4250965025587132,-0.20124320283391706
15599,-0.6553469200894184,-0.2951776193616089,-0.14324579428110507
15601,-0.8153426957380054,1.2638489790036422,0.5262432720675395
15602,-0.8453419036721156,0.6142545630181209,-0.08357099551048537
15603,-0.13536064923151048,-0.4250965025587132,-0.22263632823953342
15604,-0.4053535206385011,-0.4250965025587132,-0.2039468397543251
15605,-0.5653492962870882,0.09457903022970385,-0.09466158351993184
15606,-0.31535589683617093,0.6142545630181209,0.09700056231613995
15607,2.444571233101956,-0.4250965025587132,-0.21637199370348717
15608,-0.6453471841113817,-0.03533985296740041,-0.10629868685581734
15609,0.9146116284623421,-0.4250965025587132,-0.1948096822905007
15610,-0.4053535206385011,-0.4250965025587132,-0.21551493300825697
15611,-0.8253424317160422,1.133930095806538,-0.05089360863961722
15612,-0.5653492962870882,-0.2951776193616089,-0.2063109915941549
15615,-0.8253424317160422,2.4331189277775804,0.9295270603460052
15618,-0.5953485042211982,-0.03533985296740041,-0.14156395179994552
15619,-0.8153426957380054,-0.4250965025587132,-0.1905889366329514
15620,-0.3553548407483177,-0.16525873616450468,-0.05515331160149515
15621,-0.8853408475842623,-0.03533985296740041,-0.08410971937605863
15622,-0.49535114444083134,0.6142545630181209,0.18486597956480574
15623,0.4846229814067644,-0.4250965025587132,-0.19452585050182056
15624,0.24462931793388382,-0.03533985296740041,-0.16256973029395133
15625,0.11463275021940682,-0.03533985296740041,-0.05725923216691796
15626,-0.17535959314365723,-0.2951776193616089,-0.15281148209254455
15628,-0.8753411116062256,0.6142545630181209,0.09144413765303708
15630,-0.47535167248475796,-0.2951776193616089,-0.09598390573542989
15632,-0.7653440158478221,0.4843356798210166,0.13764416138929716
15634,-0.7553442798697854,-0.4250965025587132,-0.20092375293842216
15636,-0.02536355347310686,-0.2951776193616089,-0.14736191174988597
15637,-0.39535378466046445,-0.4250965025587132,-0.20317103286526603
15639,0.41462482956050756,-0.4250965025587132,-0.18069155520179944
15640,-0.8853408475842623,1.3937678622007466,1.15396231671501
15641,0.1246324861974435,-0.03533985296740041,-0.017974686481911487
15643,0.9946095162866356,-0.16525873616450468,-0.1541248997813389
15644,0.7346163808576817,-0.03533985296740041,-0.13859317907842678
15645,-0.7353448079137119,-0.4250965025587132,-0.15991172907289974
15646,0.6546184930333881,-0.16525873616450468,-0.1782071922514698
15648,1.114606348023076,-0.2951776193616089,-0.1568519110843441
15649,2.4345714971239194,-0.2951776193616089,-0.137206299044327
15651,-0.5553495603090515,-0.16525873616450468,-0.15609502631453043
15652,-0.015363817495070167,-0.4250965025587132,-0.1904397858106646
15653,0.004635654461003215,-0.2951776193616089,-0.1303676225358927
15654,-0.8353421676940789,-0.2951776193616089,-0.12534880867252515
15655,1.5045960511665069,-0.4250965025587132,-0.1656262090849931
15656,-0.47535167248475796,-0.03533985296740041,-0.14471949345056584
15657,-0.6953458640015652,-0.4250965025587132,-0.22469327390808594
15658,0.9746100443305623,0.09457903022970385,-0.11404339895635214
15659,-0.4853514084627947,-0.4250965025587132,-0.19392256881764552
15660,-0.6753463920454919,0.6142545630181209,-0.049846213686095646
15661,2.244576513541222,-0.2951776193616089,-0.1935496917619285
15663,0.1346322221754802,-0.4250965025587132,-0.21265657993637235
15664,-0.4153532566165378,-0.4250965025587132,-0.18502026824563095
15665,0.7546158528137551,-0.2951776193616089,0.01931413215563035
15667,-0.5253503523749414,-0.4250965025587132,-0.19449357159251968
15668,1.2546026517155897,-0.4250965025587132,-0.21953755294664914
15669,-0.5253503523749414,-0.03533985296740041,-0.15186092386692557
15670,2.0445817939804884,-0.4250965025587132,-0.2087708670960494
15671,-0.7353448079137119,0.35441679662391234,0.06772359158024364
15673,-0.04536302542918024,-0.03533985296740041,0.07541487652055628
15674,-0.1953590650997306,0.09457903022970385,0.04429021649364417
15675,-0.11536117727543709,-0.16525873616450468,-0.1920036433130002
15676,-0.7353448079137119,-0.16525873616450468,0.15439023692142512
15677,-0.4353527285726112,-0.4250965025587132,-0.1548784453536387
15678,-0.39535378466046445,-0.4250965025587132,-0.18877463931707447
15679,-0.6853461280235285,-0.03533985296740041,-0.14107086363372864
15680,-0.8353421676940789,-0.16525873616450468,-0.07958510674474589
15681,-0.6753463920454919,0.09457903022970385,-0.0692914738752797
15683,0.24462931793388382,-0.4250965025587132,-0.20646682081146947
15687,-0.8353421676940789,0.6142545630181209,0.10511926453822974
15689,0.2746285258679939,-0.2951776193616089,-0.199749468479373
15690,-0.8853408475842623,-0.2951776193616089,-0.2013456048910095
15691,1.5945936749688372,-0.4250965025587132,-0.21280573075865913
15692,-0.6453471841113817,-0.4250965025587132,-0.206768461653557
15694,-0.9153400555183724,1.2638489790036422,0.49316740762668104
15695,1.7445897146393876,-0.2951776193616089,-0.18239899819723207
15696,-0.5953485042211982,0.4843356798210166,0.0737319209735588
15699,-0.7453445438917486,-0.4250965025587132,-0.1935663877494979
15700,0.7946147967259019,-0.2951776193616089,-0.15048740062288135
15701,-0.9053403195403357,-0.03533985296740041,-0.0578447047976856
15703,1.7245902426833142,-0.4250965025587132,-0.20449112894908816
15704,0.4746232454287277,-0.03533985296740041,0.02726253530451205
15705,1.0846071400889659,-0.4250965025587132,-0.21210449928074354
15706,-0.28535668890206084,-0.03533985296740041,-0.1099851609111452
15707,-0.5753490322651249,-0.03533985296740041,-0.12596656021259367
15708,-0.5153506163969047,0.35441679662391234,0.13207215380446286
15709,1.9145852262660112,-0.4250965025587132,-0.2132008691311354
15712,-0.8353421676940789,0.09457903022970385,-0.10867174322235086
15713,0.5046224533628378,-0.2951776193616089,-0.18832941298188993
15714,-0.8053429597599688,-0.2951776193616089,-0.19129795957173276
15716,0.5346216612969479,-0.03533985296740041,-0.10547167893821209
15717,1.4145984273641767,-0.4250965025587132,-0.2113030918774114
15719,-0.5953485042211982,1.133930095806538,0.3318474365334346
15720,-0.6853461280235285,-0.4250965025587132,-0.16138988050571237
15721,-0.8053429597599688,-0.4250965025587132,-0.1755625478204737
15722,-0.5653492962870882,0.09457903022970385,0.01808975973387291
15723,2.724563840486983,-0.4250965025587132,-0.20680630589204768
15724,1.0846071400889659,-0.2951776193616089,-0.20373980950846426
15725,-0.7753437518258587,-0.4250965025587132,-0.18181241250062646
15727,-0.7553442798697854,0.35441679662391234,0.3462048727772976
15729,1.2046039718254062,-0.4250965025587132,-0.21857141179929873
15730,-0.26535721694598746,-0.16525873616450468,-0.10327114777656256
15732,1.1946042358473694,-0.2951776193616089,-0.19529497899585183
15733,1.9045854902879746,-0.4250965025587132,-0.2099674128718578
15734,0.22462984597781044,-0.2951776193616089,-0.07894286775624222
15737,-0.7753437518258587,0.4843356798210166,-0.09578689308211075
15738,-0.7353448079137119,1.5236867453978509,0.30762155857020673
15739,-0.26535721694598746,-0.4250965025587132,-0.17804245850745154
15740,-0.4353527285726112,-0.4250965025587132,-0.2107933077236251
15743,-0.7653440158478221,-0.03533985296740041,-0.14166301465952408
15744,-0.14536038520954717,-0.4250965025587132,-0.2241590023058645
15745,-0.7353448079137119,-0.03533985296740041,-0.10619739786456286
15746,0.41462482956050756,-0.4250965025587132,-0.20611843120418757
15747,-0.7953432237819321,-0.16525873616450468,-0.12266520693720045
15748,-0.5253503523749414,-0.4250965025587132,-0.2119642529851604
15749,1.4245981633422133,-0.16525873616450468,4.7289283233300665
15750,-0.8953405835622991,0.4843356798210166,0.04612120979709055
15752,-0.5253503523749414,0.35441679662391234,0.06432540157694774
15753,2.1245796818047817,-0.4250965025587132,-0.21921698998531627
15754,-0.4153532566165378,-0.16525873616450468,-0.17699061129057808
15755,-0.8253424317160422,0.2244979134268081,0.03512411931803279
15756,-0.31535589683617093,-0.03533985296740041,-0.16926148211177475
15757,-0.26535721694598746,-0.2951776193616089,-0.14851282182633796
15758,-0.6753463920454919,-0.4250965025587132,-0.20518679509781398
15759,1.2546026517155897,-0.16525873616450468,-0.19986745345819687
15762,-0.2753569529240241,-0.2951776193616089,-0.1630572531309784
15763,-0.6053482401992349,-0.2951776193616089,-0.10705111936227918
15764,-0.04536302542918024,0.2244979134268081,0.13704978423182582
15766,-0.28535668890206084,-0.4250965025587132,-0.19296421913116085
15768,0.23462958195584713,-0.16525873616450468,-0.15881869842002175
15769,-0.8553416396501522,2.8228755773688934,6.033265621018323
15773,-0.8653413756281889,-0.4250965025587132,-0.15727710223444535
15774,-0.23535800901187737,-0.4250965025587132,-0.1978906485299776
15775,1.5245955231225803,-0.4250965025587132,-0.21635641078175571
15776,0.4046250935824709,-0.4250965025587132,-0.2011385746451487
15777,1.4845965792104336,-0.03533985296740041,-0.11148223446320317
15780,0.9146116284623421,-0.16525873616450468,-0.17513067827534473
15781,-0.6753463920454919,-0.16525873616450468,-0.18958049898375845
15782,-0.8253424317160422,-0.16525873616450468,0.06300530549312561
15783,-0.8153426957380054,-0.4250965025587132,-0.2006176598329828
15785,-0.5953485042211982,0.09457903022970385,0.031197223041705267
15786,-0.4653519365067213,-0.16525873616450468,0.3194846142711984
15787,-0.6653466560674551,-0.16525873616450468,-0.12415448902839267
15789,2.654565688640726,-0.4250965025587132,-0.18893046853438905
15790,-0.8253424317160422,-0.4250965025587132,-0.20368415621656621
15791,-0.4853514084627947,-0.2951776193616089,-0.048529456799787395
15793,-0.7753437518258587,-0.16525873616450468,-0.12055372104258782
15795,0.5746206052090946,-0.4250965025587132,-0.160134342240492
15796,-0.9153400555183724,0.4843356798210166,0.07345365451406846
15797,0.20463037402173703,-0.03533985296740041,0.017665681649609657
15799,-0.16535985716562054,-0.16525873616450468,-0.12962186842445864
15800,0.1446319581535169,-0.2951776193616089,-0.15046402624028415
15801,-0.4653519365067213,-0.16525873616450468,-0.10960783159207631
15802,0.5046224533628378,-0.4250965025587132,-0.1777864533647204
15803,-0.4153532566165378,-0.4250965025587132,-0.1817489677478627
15804,-0.9153400555183724,1.133930095806538,0.24016642959223752
15805,-0.6953458640015652,1.653605628594955,0.38283809563628024
15806,-0.4653519365067213,-0.16525873616450468,-0.14070355190720144
15807,-0.42535299259457454,-0.16525873616450468,-0.12742245032864707
15808,2.1345794177828186,-0.03533985296740041,0.17837791879532927
15809,-0.5653492962870882,0.09457903022970385,-0.1706238746974394
15810,-0.13536064923151048,-0.03533985296740041,-0.07309593290943146
15811,-0.7053455999796019,0.2244979134268081,0.018914541519802226
15812,0.1446319581535169,0.09457903022970385,-0.02755373108340651
15813,1.1546052919352228,-0.2951776193616089,-0.08289870374435672
15814,-0.7553442798697854,-0.03533985296740041,-0.011504434765842404
15815,-0.28535668890206084,0.09457903022970385,0.005778138500182849
15819,-0.4353527285726112,-0.03533985296740041,-0.015943341327632095
15820,2.2745757214753324,-0.4250965025587132,-0.20499423470784667
15821,-0.4853514084627947,-0.2951776193616089,-0.1644808643377309
15822,-0.8953405835622991,-0.2951776193616089,-0.12947383066800977
15823,2.79456199233324,-0.4250965025587132,-0.2263628726650279
15825,0.7946147967259019,-0.4250965025587132,-0.16871274065365982
15826,-0.36535457672635435,-0.16525873616450468,-0.04389687678219244
15827,-0.1953590650997306,1.2638489790036422,-0.023663565979731755
15829,0.06463407032922336,-0.2951776193616089,-0.1572259012058991
15830,-0.5453498243310149,-0.4250965025587132,-0.1639198791553984
15831,-0.345355104770281,-0.16525873616450468,-0.13958380767421236
15832,1.6145931469249106,-0.4250965025587132,-0.13489223516720542
15834,-0.22535827303384068,-0.03533985296740041,0.01964137351199098
15835,-0.4853514084627947,-0.03533985296740041,-0.12183597288791924
15836,-0.42535299259457454,-0.4250965025587132,-0.21274228600589537
15837,-0.2753569529240241,-0.4250965025587132,-0.18440251670556243
15838,-0.8153426957380054,1.9134433949891636,3.5166638317579686
15839,-0.5953485042211982,-0.16525873616450468,-0.11132863137756449
15840,-0.3353553687922443,-0.2951776193616089,-0.18845630248741754
15841,-0.1953590650997306,-0.03533985296740041,-0.09178653446047778
15843,2.114579945826745,-0.4250965025587132,-0.21479255327942007
15844,-0.4653519365067213,-0.4250965025587132,-0.2134802486564637
15845,-0.7453445438917486,0.4843356798210166,0.1851119671149952
15847,-0.5453498243310149,-0.2951776193616089,-0.18470415754764996
15850,-0.7353448079137119,-0.2951776193616089,-0.2018887810199346
15852,0.9446108363964523,-0.2951776193616089,-0.21014439034009363
15853,-0.4053535206385011,-0.4250965025587132,-0.21569970193735855
15854,-0.8853408475842623,1.0040112126094336,0.10245013265879852
15855,0.44462403749461765,0.09457903022970385,-0.14875547017901353
15856,-0.8853408475842623,2.9527944605659977,1.5688609470126018
15857,-0.7353448079137119,-0.4250965025587132,-0.19497441603451895
15858,-0.7653440158478221,0.09457903022970385,-0.06913453159212718
15860,-0.5153506163969047,0.4843356798210166,-0.1206038090052961
15861,-0.8053429597599688,0.4843356798210166,0.12224044325775063
15862,-0.8453419036721156,-0.03533985296740041,-0.13532744390984827
15863,-0.6653466560674551,-0.2951776193616089,-0.2203701261934442
15864,-0.7053455999796019,0.2244979134268081,-0.012507307085845545
15865,-0.5153506163969047,-0.16525873616450468,-0.12839860906853914
15866,0.08463354228529675,-0.4250965025587132,-0.20444771938140768
15867,-0.8753411116062256,1.3937678622007466,0.19606119576302058
15869,1.8445870744197546,-0.2951776193616089,-0.21137655422271684
15870,-0.5953485042211982,-0.4250965025587132,-0.1889148856126576
15872,-0.7753437518258587,-0.2951776193616089,-0.19283176429644344
15874,-0.28535668890206084,0.35441679662391234,0.26237097999372766
15877,-0.9053403195403357,-0.2951776193616089,-0.17345551418921296
15880,2.76456278439913,-0.4250965025587132,-0.1914092661555289
15881,2.1945778336510386,0.09457903022970385,-0.17222446337242778
15882,1.0646076681328924,-0.03533985296740041,-0.17055820381299966
15883,-0.9053403195403357,-0.2951776193616089,-0.18390163707847984
15885,0.004635654461003215,-0.16525873616450468,-0.18580831885890758
15886,-0.3253556328142076,-0.4250965025587132,-0.2078759621623285
15888,-0.11536117727543709,-0.4250965025587132,-0.20929846030324306
15889,0.6446187570553514,-0.2951776193616089,-0.18127591476672913
15891,1.3446002755179198,-0.4250965025587132,-0.17107911862516556
15894,1.6045934109468738,-0.2951776193616089,-0.19928754615661903
15895,0.5746206052090946,-0.4250965025587132,-0.20808967080321705
15897,1.014608988242709,-0.2951776193616089,-0.20481503110793492
15898,-0.9153400555183724,0.09457903022970385,-0.07400308156736994
15899,2.76456278439913,-0.4250965025587132,-0.2217714760834375
15900,-0.6853461280235285,-0.4250965025587132,-0.1904909868392108
15901,-0.7553442798697854,-0.16525873616450468,-0.18888260670335671
15903,-0.8253424317160422,0.35441679662391234,0.3426096701206826
15904,-0.8453419036721156,-0.4250965025587132,-0.209702503202423
15906,-0.7253450719356752,0.35441679662391234,-0.053538253070613294
15907,-0.8853408475842623,-0.16525873616450468,-0.12977992377344913
15909,0.8146142686819752,-0.4250965025587132,-0.20666828572814047
15910,-0.9153400555183724,0.4843356798210166,-0.09125003672658041
15912,0.854613212594122,-0.2951776193616089,-0.1985785232178377
15916,-0.7653440158478221,0.4843356798210166,-0.06075425889811648
15917,1.5545947310566903,-0.4250965025587132,-0.21433063095666616
15918,0.984609780308599,-0.2951776193616089,-0.190830471919789
15919,-0.7253450719356752,-0.2951776193616089,-0.16951971338618177
15920,0.6146195491212414,-0.03533985296740041,-0.20938861863611793
15921,0.8046145327039386,-0.4250965025587132,-0.19207710565830569
15922,2.8045617283112767,-0.4250965025587132,-0.18690468870929947
15923,2.8045617283112767,-0.4250965025587132,-0.21388763075315753
15925,1.014608988242709,-0.4250965025587132,-0.20497531258860133
15930,-0.25535748096795075,-0.4250965025587132,-0.1805457435770265
15932,-0.8853408475842623,0.4843356798210166,0.04977429187727954
15933,-0.7153453359576386,-0.16525873616450468,-0.10476488213110664
15935,1.4645971072543602,-0.2951776193616089,-0.1816332089007147
15937,-0.28535668890206084,-0.4250965025587132,-0.21185405946720223
15938,0.19463063804370034,0.09457903022970385,-0.1830000537497312
15939,-0.02536355347310686,1.3937678622007466,0.452608401557209
15940,2.184578097673002,-0.4250965025587132,-0.22404769572206837
15942,0.41462482956050756,-0.4250965025587132,-0.19047317778580342
15944,1.8445870744197546,-0.4250965025587132,-0.1918467010298477
15945,2.724563840486983,-0.4250965025587132,-0.20788597975487016
15947,-0.0953617053193637,-0.4250965025587132,-0.037894112718067086
15948,-0.8453419036721156,-0.2951776193616089,-0.12170797031655371
15949,-0.7553442798697854,-0.2951776193616089,-0.18743673417984497
15950,-0.6053482401992349,-0.03533985296740041,-0.03383476160702219
15951,-0.8353421676940789,-0.2951776193616089,-0.14920292264587398
15952,-0.5853487682431616,-0.03533985296740041,-0.1410007404859371
15953,-0.7753437518258587,0.4843356798210166,-0.043566296228317924
15955,-0.6853461280235285,1.2638489790036422,0.2635263423335315
15957,-0.6053482401992349,-0.4250965025587132,-0.18029419069764727
15958,-0.18535932912169392,-0.4250965025587132,-0.2164176294028436
15963,-0.7253450719356752,-0.2951776193616089,-0.17563378403410324
15965,-0.7553442798697854,-0.03533985296740041,-0.13799991498679343
15967,-0.6953458640015652,-0.2951776193616089,-0.1837680691779245
15969,-0.8953405835622991,-0.16525873616450468,-0.15389115595536704
15970,2.114579945826745,-0.4250965025587132,-0.19307107345160512
15971,-0.7453445438917486,1.0040112126094336,0.23943848453421085
15973,2.744563312443056,-0.4250965025587132,-0.19377007879784483
15974,-0.5353500883529781,0.35441679662391234,0.15510148599188237
15975,-0.085361969341327,-0.4250965025587132,-0.18673661576776732
15976,0.724616644879645,-0.2951776193616089,-0.18043332392739242
15977,-0.7553442798697854,-0.2951776193616089,-0.11063407829467664
15978,-0.15536012118758386,-0.4250965025587132,-0.10573102327845707
15980,-0.03536328945114355,-0.16525873616450468,0.038976440183216894
15981,-0.6753463920454919,0.4843356798210166,0.15135379331546664
15983,-0.7053455999796019,-0.03533985296740041,-0.06495496937058247
15984,-0.8953405835622991,0.7441734462152251,0.08146995467906581
15985,0.30462773380210395,-0.2951776193616089,-0.10087360396159391
15986,-0.6253477121553084,-0.4250965025587132,-0.20931960855416434
15987,-0.8053429597599688,0.35441679662391234,-0.06855573735638729
15988,-0.7353448079137119,-0.4250965025587132,-0.21058182521441246
15990,-0.4853514084627947,-0.2951776193616089,-0.13986541333121655
15992,-0.8853408475842623,-0.4250965025587132,-0.22335870796837032
15993,-0.8353421676940789,0.35441679662391234,0.08114048719102926
15994,-0.37535431270439107,-0.4250965025587132,-0.18192149295274668
15996,-0.04536302542918024,0.2244979134268081,-0.11309951912576095
15998,-0.5553495603090515,0.09457903022970385,0.11481629411854866
16000,-0.8953405835622991,-0.16525873616450468,1.1514679361721385
16003,-0.6253477121553084,0.09457903022970385,0.0764322186964529
16005,-0.8053429597599688,-0.03533985296740041,-0.1636182383133109
16006,1.1846044998693328,-0.4250965025587132,-0.21674598382504218
16007,-0.4453524645506479,-0.03533985296740041,-0.03950026672224526
16008,-0.6853461280235285,-0.16525873616450468,-0.17474110523205827
16009,-0.7053455999796019,-0.03533985296740041,-0.11983022824791296
16010,1.5345952591006171,-0.16525873616450468,-0.18435576794036806
16011,-0.8453419036721156,1.5236867453978509,0.14517405178310544
16012,-0.5753490322651249,-0.16525873616450468,-0.07050137644114367
16013,-0.8853408475842623,5.551172124508082,3.9048477688786507
16014,-0.5453498243310149,-0.16525873616450468,-0.15603603382511846
16015,-0.8853408475842623,-0.16525873616450468,-0.14961141780840578
16016,-0.8953405835622991,0.4843356798210166,-0.06491155980290196
16017,-0.4553522005286846,-0.4250965025587132,-0.20444883244724563
16018,-0.5353500883529781,-0.2951776193616089,-0.18251920930773188
16019,-0.4553522005286846,0.6142545630181209,0.19340096841029306
16020,-0.7553442798697854,-0.16525873616450468,-0.13330945554562446
16022,1.6745915627931307,-0.4250965025587132,-0.16095578482890743
16023,-0.4653519365067213,-0.16525873616450468,-0.14791287933967684
16024,-0.8053429597599688,-0.4250965025587132,-0.2000911796916271
16025,-0.6253477121553084,-0.4250965025587132,-0.1790954187901629
16026,-0.49535114444083134,-0.4250965025587132,-0.2017541000535413
16027,-0.0053640815170334765,0.2244979134268081,-0.12400311207442995
16029,-0.5353500883529781,7.6298742556617505,8.771198326025607
16030,2.1745783616949654,-0.4250965025587132,-0.19116327860533944
16031,-0.0053640815170334765,-0.2951776193616089,-0.1670475941600697
16033,-0.8653413756281889,2.043362278186268,0.7491079925391806
16034,1.0346084601987824,-0.16525873616450468,-0.17931357969440334
16036,-0.05536276140721694,-0.2951776193616089,-0.14355967884741014
16037,1.7745889225734977,-0.16525873616450468,-0.13286311614460194
16038,-0.8453419036721156,-0.16525873616450468,-0.1755202513186312
16040,-0.2753569529240241,-0.16525873616450468,-0.08182570827656202
16041,-0.6153479761772717,-0.16525873616450468,0.12440869551009925
16042,-0.7053455999796019,0.09457903022970385,-0.09697230819953952
16043,-0.5453498243310149,-0.03533985296740041,-0.14188228862960245
16045,0.2746285258679939,-0.03533985296740041,-0.07880373452649705
16048,2.8045617283112767,-0.2951776193616089,-0.19948901107329003
16049,-0.5253503523749414,-0.16525873616450468,-0.10839904209205034
16050,0.8146142686819752,-0.4250965025587132,-0.21268329351648338
16052,-0.38535404868242773,-0.4250965025587132,-0.1877328096927427
16053,-0.5953485042211982,-0.2951776193616089,-0.05974248205140963
16054,0.5246219253189112,-0.4250965025587132,-0.14077924038418277
16055,1.2846018596496998,-0.4250965025587132,-0.21302834392625142
16056,-0.47535167248475796,-0.4250965025587132,-0.15559971201663764
16057,-0.7653440158478221,0.35441679662391234,0.023867684498730054
16059,-0.26535721694598746,0.2244979134268081,-0.06628619611278416
16062,-0.8253424317160422,-0.03533985296740041,-0.09962697022307726
16063,1.6745915627931307,-0.4250965025587132,-0.19070914774345124
16065,2.724563840486983,-0.4250965025587132,-0.18716737224705834
16066,-0.7553442798697854,0.09457903022970385,-0.05873070520470281
16070,-0.7053455999796019,-0.2951776193616089,-0.13318256604009684
16071,-0.47535167248475796,-0.4250965025587132,-0.19171981152432008
16072,1.954584170178158,-0.4250965025587132,-0.1629938083782146
16073,2.0445817939804884,-0.4250965025587132,-0.2144085455653234
16076,-0.8953405835622991,0.7441734462152251,0.02070769058475791
16078,1.9145852262660112,-0.4250965025587132,-0.21921698998531627
16079,-0.7553442798697854,-0.16525873616450468,-0.07754597012960078
16080,-0.1053614412974004,-0.2951776193616089,-0.20386113368480205
16081,-0.36535457672635435,0.09457903022970385,0.0835614053885951
16083,0.08463354228529675,-0.2951776193616089,-0.08137269048051178
16084,2.0645812659365617,-0.4250965025587132,-0.17948276570177343
16085,-0.6953458640015652,0.09457903022970385,-0.11878394636022935
16086,-0.3353553687922443,0.09457903022970385,-0.10321438141882654
16091,0.6246192850992781,-0.2951776193616089,-0.19296421913116085
16092,0.22462984597781044,-0.16525873616450468,-0.13699926879846616
16093,0.1446319581535169,-0.4250965025587132,-0.22614025949743563
16094,-0.8053429597599688,-0.03533985296740041,-0.10801837357546756
16096,1.7145905067052774,-0.4250965025587132,-0.19234535452525436
16097,1.4745968432323968,-0.4250965025587132,-0.20743518809049583
16098,-0.04536302542918024,0.35441679662391234,-0.004792647762935687
16099,-0.42535299259457454,-0.16525873616450468,-0.1465671827415816
16101,-0.215358537055804,-0.4250965025587132,-0.08436906371630361
16102,-0.505350880418868,-0.16525873616450468,-0.022990161147765142
16103,-0.8553416396501522,0.2244979134268081,-0.06890412696366917
16104,-0.3053561608581342,-0.4250965025587132,-0.19483973506812563
16105,1.5645944670347272,-0.4250965025587132,-0.19052660494602555
16106,-0.26535721694598746,-0.4250965025587132,-0.21596906387014517
16107,-0.7453445438917486,0.35441679662391234,0.12861163211424115
16108,-0.07536223336329032,-0.4250965025587132,-0.13425667457372953
16109,1.2646023876936263,-0.2951776193616089,-0.15992619892879323
16110,-0.47535167248475796,-0.16525873616450468,-0.08100203955647065
16112,0.5046224533628378,-0.03533985296740041,-0.20624532070971519
16113,0.9046118924843054,-0.4250965025587132,-0.21006981492895024
16114,0.7846150607478651,-0.4250965025587132,-0.2129226026716451
16115,-0.8253424317160422,0.4843356798210166,-0.04316559252665184
16116,1.1946042358473694,-0.4250965025587132,-0.15982602300337673
16117,0.9746100443305623,-0.4250965025587132,-0.20218596959867027
16119,-0.8453419036721156,-0.2951776193616089,-0.18090971610603984
16120,-0.3353553687922443,-0.03533985296740041,-0.08231657031110295
16121,-0.3553548407483177,-0.2951776193616089,-0.13290318651476857
16122,-0.1953590650997306,-0.03533985296740041,-0.15185201934022188
16123,-0.4053535206385011,-0.4250965025587132,-0.19377453106119666
16124,2.244576513541222,-0.4250965025587132,-0.20031713205673324
16125,2.744563312443056,-0.4250965025587132,-0.19582591140055938
16126,-0.6353474481333451,-0.03533985296740041,0.4718377269738286
16127,-0.5353500883529781,-0.4250965025587132,-0.15498752580575892
16128,-0.7453445438917486,0.09457903022970385,-0.018751606436808482
16131,-0.4053535206385011,0.2244979134268081,0.16226851692251523
16133,-0.8853408475842623,3.732307759748623,1.3958237318431368
16134,-0.7053455999796019,-0.2951776193616089,-0.15923498504341926
16135,1.7045907707272407,-0.4250965025587132,-0.17042574897828228
16136,-0.3253556328142076,-0.16525873616450468,-0.14907380700867046
16139,-0.7353448079137119,-0.16525873616450468,-0.1573071550120703
16140,-0.26535721694598746,-0.2951776193616089,-0.14731516298469163
16141,-0.04536302542918024,-0.4250965025587132,-0.15897786683485018
16142,1.5745942030127638,-0.4250965025587132,-0.16844560485254909
16143,-0.8953405835622991,0.2244979134268081,0.04187931588861998
16144,1.5445949950786537,-0.4250965025587132,-0.2085315579408877
16145,-0.8353421676940789,0.8740923294123294,0.19487578064559177
16146,0.6446187570553514,-0.16525873616450468,-0.14631896905971623
16147,0.41462482956050756,-0.4250965025587132,-0.18629250249842075
16148,2.0345820580024516,-0.4250965025587132,-0.21953755294664914
16149,-0.8753411116062256,-0.2951776193616089,-0.1968087485354792
16150,-0.49535114444083134,0.09457903022970385,0.0004821712431629454
16152,1.7645891865954608,-0.4250965025587132,-0.02444827739549447
16153,-0.42535299259457454,0.09457903022970385,-0.024983662063553857
16156,-0.8353421676940789,0.6142545630181209,0.11613193793901895
16157,-0.7653440158478221,-0.16525873616450468,-0.1549385509088886
16159,1.8945857543099378,-0.4250965025587132,-0.18927551894415706
16160,-0.2753569529240241,-0.2951776193616089,-0.1138942481340653
16161,-0.9053403195403357,1.9134433949891636,0.38790143213316625
16162,1.5945936749688372,-0.4250965025587132,-0.22386960518799456
16163,1.3945989554081033,-0.2951776193616089,-0.13268725174220408
16164,-0.7553442798697854,-0.16525873616450468,-0.13648503238132806
16168,-0.8153426957380054,2.9527944605659977,0.1935523453642558
16169,-0.8453419036721156,-0.03533985296740041,-0.02512390835913698
16170,-0.4153532566165378,0.2244979134268081,-0.018213995637073176
16171,-0.3353553687922443,-0.4250965025587132,-0.21988482948809307
16172,0.0246351264170766,0.09457903022970385,-0.10111959151178336
16173,-0.7653440158478221,0.2244979134268081,-0.07016411749224138
16174,0.33462694173621405,-0.16525873616450468,-0.11566290975058584
16175,0.014635390439039907,-0.03533985296740041,-0.11254187314094233
16177,-0.42535299259457454,-0.4250965025587132,-0.1910842509308442
16178,0.4546237734726543,-0.4250965025587132,-0.20600489848871553
16179,-0.31535589683617093,-0.4250965025587132,-0.2040091714412509
16180,0.07463380630726006,0.4843356798210166,0.9133252740086404
16181,-0.1953590650997306,-0.4250965025587132,-0.1940238578089
16182,-0.2053588010777673,-0.03533985296740041,0.5085555428364962
16183,-0.25535748096795075,-0.4250965025587132,-0.19033181842438232
16184,-0.28535668890206084,0.2244979134268081,-0.09905151518485125
16185,-0.7553442798697854,-0.2951776193616089,-0.16910565289446017
16186,-0.6953458640015652,1.0040112126094336,0.2179663314540992
16187,-0.6053482401992349,1.3937678622007466,0.5412563040899616
16188,-0.47535167248475796,-0.03533985296740041,-0.1187449890559007
16189,-0.7653440158478221,-0.2951776193616089,-0.20404812874557957
16190,-0.5253503523749414,-0.4250965025587132,-0.20409265137909802
16191,-0.8953405835622991,1.133930095806538,0.3485935120655626
16193,1.4445976352982868,-0.4250965025587132,-0.19303211614727647
16198,-0.17535959314365723,-0.4250965025587132,-0.1834341494265361
16200,-0.8853408475842623,-0.2951776193616089,-0.10906020319979937
16201,-0.8953405835622991,-0.03533985296740041,-0.020615991715393675
16202,2.684564896574836,-0.4250965025587132,-0.1873755155587571
16203,-0.3353553687922443,-0.03533985296740041,-0.1620387978892438
16204,-0.6953458640015652,-0.4250965025587132,-0.18527070805917226
16205,-0.6153479761772717,-0.03533985296740041,-0.14370326434050715
16206,-0.37535431270439107,-0.03533985296740041,-0.16825415752841977
16207,-0.6753463920454919,-0.4250965025587132,-0.18413538090445172
16208,-0.47535167248475796,-0.2951776193616089,-0.1540959600695519
16209,-0.03536328945114355,0.09457903022970385,0.023812031206831986
16210,-0.9053403195403357,1.7835245117920593,2.1190115464783865
16211,-0.03536328945114355,-0.4250965025587132,-0.1671455439538103
16212,-0.7353448079137119,-0.2951776193616089,-0.1511930843641488
16213,-0.13536064923151048,-0.4250965025587132,-0.21033472459838504
16214,0.7846150607478651,-0.16525873616450468,-0.10974139949263167
16215,-0.11536117727543709,-0.4250965025587132,-0.20105732083897754
16216,1.7445897146393876,-0.4250965025587132,-0.12619473870937578
16217,1.4245981633422133,-0.2951776193616089,-0.194167443301997
16218,-0.6253477121553084,0.35441679662391234,0.1153127214822794
16221,-0.5553495603090515,-0.16525873616450468,-0.13221308569523255
16222,2.2545762495192587,-0.4250965025587132,-0.14193126352647276
16224,-0.3553548407483177,-0.03533985296740041,-0.08385705343084142
16225,-0.47535167248475796,0.09457903022970385,-0.10600483747459556
16226,1.1046066120450393,-0.16525873616450468,-0.19963593576390093
16227,1.3246008035618464,-0.4250965025587132,-0.19305771666154958
16229,-0.05536276140721694,-0.2951776193616089,-0.11554603783759991
16230,0.9746100443305623,-0.2951776193616089,-0.16770096380695299
16232,-0.4853514084627947,-0.03533985296740041,-0.11774100367005959
16233,-0.215358537055804,-0.16525873616450468,-0.1682964540302623
16235,-0.5153506163969047,0.09457903022970385,-0.1314951582297475
16236,-0.14536038520954717,-0.4250965025587132,-0.17992576590528206
16239,-0.3553548407483177,-0.2951776193616089,-0.18192928441361242
16240,-0.6853461280235285,-0.2951776193616089,0.185894452399082
16241,-0.8253424317160422,1.133930095806538,0.06028608565098615
16242,-0.8453419036721156,0.35441679662391234,0.17042951564644757
16243,-0.5853487682431616,-0.2951776193616089,-0.18249694799097269
16244,1.1946042358473694,-0.2951776193616089,-0.05854037094641142
16245,-0.6853461280235285,-0.16525873616450468,-0.07068280617273134
16247,0.7746153247698284,-0.4250965025587132,-0.21528118918228512
16248,-0.3053561608581342,-0.4250965025587132,-0.21100924249618958
16249,-0.39535378466046445,0.09457903022970385,-0.02767282912806839
16250,1.6845912987711673,-0.2951776193616089,-0.18468523542840462
16253,-0.25535748096795075,-0.2951776193616089,0.18200540036124518
16255,-0.7553442798697854,0.4843356798210166,0.06358076053135162
16256,1.7445897146393876,-0.4250965025587132,-0.14428205857624704
16257,0.8446134766160853,-0.4250965025587132,-0.2228066273127415
16258,-0.47535167248475796,0.09457903022970385,0.35115245042703563
16260,-0.4153532566165378,-0.4250965025587132,-0.11278006923026604
16261,-0.7553442798697854,-0.03533985296740041,-0.1469411728631366
16265,-0.8353421676940789,0.6142545630181209,0.37825449051555554
16266,-0.18535932912169392,0.35441679662391234,-0.13209843991392256
16268,-0.215358537055804,-0.2951776193616089,-0.153718630750483
16270,2.604567008750543,-0.4250965025587132,-0.10100494573047335
16271,-0.8953405835622991,0.09457903022970385,-0.07168679155857244
16272,0.24462931793388382,-0.4250965025587132,-0.18220755087310272
16274,2.8045617283112767,-0.4250965025587132,-0.1888803805716808
16275,1.0446081961768192,-0.4250965025587132,-0.16571525435203002
16276,0.8446134766160853,-0.4250965025587132,-0.1378073545968261
16278,0.07463380630726006,-0.4250965025587132,-0.16499064849151718
16279,-0.7153453359576386,-0.16525873616450468,-0.06076316342482016
16281,-0.2053588010777673,-0.4250965025587132,0.0014883827606799653
16282,2.474570441036066,-0.4250965025587132,-0.20929957336908103
16283,-0.8653413756281889,0.09457903022970385,-0.053190976529169376
16284,-0.6153479761772717,-0.2951776193616089,-0.13757583690253017
16287,0.7746153247698284,-0.4250965025587132,-0.2121712832310212
16292,0.2946279978240673,-0.4250965025587132,-0.19439005646958926
16293,-0.7053455999796019,0.7441734462152251,0.022294922469690708
16295,-0.8253424317160422,-0.03533985296740041,-0.08015610951962006
16297,1.7645891865954608,-0.4250965025587132,-0.1944290137739179
16298,-0.6953458640015652,-0.16525873616450468,-0.1614488729951243
16302,0.3446266777142507,-0.4250965025587132,-0.2020735499490362
16303,-0.6653466560674551,-0.16525873616450468,0.36864094087308374
16305,0.46462350945069103,-0.4250965025587132,-0.18782630722313143
16306,1.2146037078034428,0.2244979134268081,-0.15765665768519013
16308,-0.5453498243310149,-0.03533985296740041,0.056912383096125424
16309,0.1346322221754802,-0.2951776193616089,-0.14938657850913759
16311,-0.7453445438917486,-0.2951776193616089,-0.15943867609176618
16313,-0.8953405835622991,-0.2951776193616089,-0.19751777147426056
16315,2.3845728172337357,-0.4250965025587132,-0.2028360000480397
16316,-0.28535668890206084,0.4843356798210166,0.0990875607623174
16317,0.2746285258679939,-0.16525873616450468,-0.07869799327189073
16318,-0.5753490322651249,-0.4250965025587132,-0.19150721594926948
16319,1.2546026517155897,-0.4250965025587132,-0.18302008893481447
16320,0.7946147967259019,-0.2951776193616089,-0.11244503641303968
16321,-0.2053588010777673,0.09457903022970385,-0.1864427663865455
16322,-0.9153400555183724,-0.2951776193616089,-0.19166304516658406
16323,1.0346084601987824,-0.4250965025587132,-0.20493635528427268
16324,0.3546264136922874,-0.16525873616450468,-0.1825537143487087
16325,-0.4553522005286846,-0.16525873616450468,-0.161889647066957
16326,-0.8653413756281889,1.2638489790036422,0.11025272418290728
16327,-0.7853434878038954,0.2244979134268081,0.1971887314568754
16330,-0.7453445438917486,-0.16525873616450468,-0.1999932298978865
16332,-0.6453471841113817,0.35441679662391234,-0.05185641058945376
16333,-0.8453419036721156,2.303200044580476,2.7357056740008505
16337,-0.5553495603090515,-0.4250965025587132,-0.2112196119395643
16338,0.6446187570553514,-0.4250965025587132,-0.20412381722256093
16339,1.9145852262660112,-0.4250965025587132,-0.21756408721594375
16340,0.1446319581535169,-0.4250965025587132,-0.16856025063385913
16341,-0.6753463920454919,-0.03533985296740041,-0.008550358031893093
16342,-0.17535959314365723,-0.03533985296740041,-0.19214611574025928
16343,-0.7653440158478221,-0.2951776193616089,-0.19145935411823714
16344,0.6546184930333881,-0.4250965025587132,-0.21677937580018103
16345,-0.4853514084627947,-0.4250965025587132,-0.16509305054860965
16347,-0.8153426957380054,-0.2951776193616089,-0.13370570698393866
16348,-0.6053482401992349,0.35441679662391234,-0.07046130607097705
16349,1.9845833781122681,-0.4250965025587132,-0.22207756918887686
16350,-0.7153453359576386,-0.03533985296740041,-0.1037620098111035
16351,2.4045722891898094,-0.4250965025587132,-0.2109023881757453
16352,-0.7453445438917486,-0.2951776193616089,-0.17299804412981085
16353,-0.8853408475842623,2.4331189277775804,0.5150180030916996
16354,-0.29535642488009756,-0.2951776193616089,-0.18397732555546123
16356,1.0546079321548558,-0.16525873616450468,-0.2044610761714632
16357,-0.5953485042211982,-0.16525873616450468,-0.15469478949037507
16358,-0.9153400555183724,-0.03533985296740041,-0.002358372775314315
16359,-0.8553416396501522,0.6142545630181209,-0.03314354772164821
16360,-0.8753411116062256,0.2244979134268081,0.15602087837403839
16361,-0.8253424317160422,-0.03533985296740041,-0.12883493087701997
16362,-0.6053482401992349,0.09457903022970385,-0.14900590999255484
16363,-0.39535378466046445,-0.4250965025587132,-0.21585998341802498
16364,-0.8053429597599688,-0.2951776193616089,-0.14947339764449857
16365,-0.7453445438917486,0.6142545630181209,-0.05657358361073378
16366,-0.7353448079137119,-0.4250965025587132,-0.1916018265454962
16367,-0.5553495603090515,-0.2951776193616089,-0.13891262897392168
16368,-0.9053403195403357,-0.2951776193616089,-0.17461532879236863
16369,-0.7453445438917486,-0.16525873616450468,-0.05601816375759108
16370,-0.1053614412974004,-0.03533985296740041,-0.08312131691194898
16372,-0.5953485042211982,-0.2951776193616089,-0.18843738036817217
16374,-0.26535721694598746,-0.2951776193616089,-0.17608234956680166
16376,-0.8353421676940789,-0.2951776193616089,-0.11951300448409401
16377,1.7445897146393876,-0.4250965025587132,-0.1527669594590261
16378,1.5445949950786537,-0.16525873616450468,-0.1876337468331641
16379,-0.8853408475842623,-0.03533985296740041,0.012100352459803109
16380,-0.31535589683617093,-0.4250965025587132,-0.03400839987774415
16383,-0.17535959314365723,-0.2951776193616089,-0.1563777450373726
16384,-0.02536355347310686,-0.2951776193616089,-0.1629737731931313
16385,-0.3253556328142076,-0.16525873616450468,-0.1662729003368486
16386,-0.6353474481333451,-0.2951776193616089,-0.19435443836277452
16387,2.3045749294094424,-0.4250965025587132,-0.21752958217496696
16389,-0.39535378466046445,-0.03533985296740041,-0.07419898115485113
16392,1.7745889225734977,-0.4250965025587132,-0.2037798798786309
16393,-0.9053403195403357,1.133930095806538,0.11044639763871258
16394,-0.3553548407483177,0.09457903022970385,-0.05491288938049552
16395,-0.31535589683617093,0.09457903022970385,-0.063069435841076
16398,0.6146195491212414,-0.2951776193616089,-0.038165700782529656
16399,-0.7353448079137119,-0.2951776193616089,-0.1826171591014725
16400,0.0246351264170766,-0.4250965025587132,-0.19420306140881177
16401,-0.9153400555183724,1.0040112126094336,0.2281375270813896
16402,1.7245902426833142,-0.2951776193616089,-0.19536955440699522
16403,2.1945778336510386,-0.4250965025587132,-0.2082755527981566
16404,-0.22535827303384068,-0.4250965025587132,-0.17871808947109405
16405,2.0945804738706717,-0.2951776193616089,-0.20941644528206696
16406,-0.7353448079137119,-0.4250965025587132,-0.21085230021303705
16407,-0.7953432237819321,0.7441734462152251,0.003449604767167781
16409,-0.5653492962870882,0.09457903022970385,-0.002861478534072825
16411,-0.7353448079137119,-0.2951776193616089,-0.20446886763232894
16412,-0.38535404868242773,-0.4250965025587132,-0.212895889091534
16413,-0.3553548407483177,-0.4250965025587132,-0.19884788515062432
16414,-0.7053455999796019,-0.2951776193616089,-0.21398001521770832
16415,-0.4853514084627947,-0.4250965025587132,-0.2057411018851187
16416,-0.6553469200894184,-0.16525873616450468,-0.11100472921871775
16418,-0.47535167248475796,-0.16525873616450468,-0.1577846602565557
16419,0.20463037402173703,0.2244979134268081,-0.12132173647078114
16422,-0.7553442798697854,6.0708476572964996,3.6325696035965556
16423,-0.6753463920454919,-0.4250965025587132,-0.18950703663845303
16424,0.984609780308599,-0.4250965025587132,-0.2131663640901586
16425,2.0945804738706717,-0.4250965025587132,-0.194339968506881
16426,-0.9053403195403357,0.7441734462152251,-0.0205837128060928
16427,1.7045907707272407,-0.2951776193616089,-0.20120090633207455
16429,0.1346322221754802,-0.4250965025587132,-0.1963601830027808
16430,-0.3553548407483177,-0.4250965025587132,-0.19454588568690387
16431,1.2046039718254062,-0.16525873616450468,-0.15865730387351734
16432,-0.28535668890206084,-0.4250965025587132,-0.1960429592389618
16433,-0.6453471841113817,-0.4250965025587132,-0.20752312029169476
16434,-0.6353474481333451,0.35441679662391234,-0.05975917803897906
16438,-0.8653413756281889,0.09457903022970385,-0.1391708602483287
16440,-0.8453419036721156,0.09457903022970385,0.1771980690070903
16441,-0.25535748096795075,-0.2951776193616089,-0.18560240167888473
16442,-0.9053403195403357,-0.16525873616450468,-0.16021336991498727
16444,-0.4653519365067213,-0.03533985296740041,-0.15516339020815678
16445,-0.5853487682431616,-0.4250965025587132,-0.2023751907911237
16446,-0.9153400555183724,-0.2951776193616089,18.524065967171705
16447,0.43462430151658094,-0.4250965025587132,-0.19954800356270197
16448,1.0546079321548558,-0.4250965025587132,-0.20766447965311585
16449,1.0546079321548558,-0.2951776193616089,-0.14926191513528592
16450,0.5746206052090946,-0.4250965025587132,-0.1933137218042807
16451,-0.04536302542918024,-0.4250965025587132,-0.19831695274591676
16454,-0.47535167248475796,-0.2951776193616089,-0.22726445599377654
16455,-0.28535668890206084,0.35441679662391234,-0.02309701546820943
16456,0.06463407032922336,0.09457903022970385,0.012187171595164062
16457,1.2546026517155897,-0.4250965025587132,-0.204840631622208
16458,-0.8953405835622991,1.7835245117920593,0.1596194202281673
16460,-0.6453471841113817,-0.16525873616450468,-0.13773723144903452
16461,0.854613212594122,-0.4250965025587132,-0.21212453446582683
16462,-0.18535932912169392,-0.16525873616450468,-0.21289477602569604
16463,-0.7153453359576386,-0.03533985296740041,-0.06970998663035316
16464,-0.7253450719356752,-0.16525873616450468,-0.0834830633092864
16466,-0.5853487682431616,0.35441679662391234,-0.05039161594669667
16468,-0.18535932912169392,-0.4250965025587132,-0.21969560829563964
16469,-0.6853461280235285,-0.03533985296740041,-0.15841910778419363
16470,-0.4053535206385011,-0.03533985296740041,-0.14424421433775636
16471,1.8245876024636811,-0.4250965025587132,-0.20310536198082632
16473,0.724616644879645,-0.16525873616450468,-0.1928473472181749
16474,-0.8553416396501522,0.35441679662391234,-0.026495205471505304
16475,-0.04536302542918024,-0.03533985296740041,-0.1674482978617358
16477,-0.28535668890206084,0.35441679662391234,0.04961734959412701
16478,-0.6753463920454919,-0.16525873616450468,-0.19118999218545052
16479,-0.8253424317160422,-0.2951776193616089,-0.19454811181857978
16480,-0.16535985716562054,-0.4250965025587132,-0.14240542957344426
16482,-0.7653440158478221,-0.4250965025587132,-0.20347601290486747
16483,0.9946095162866356,-0.4250965025587132,-0.21252189896997903
16484,0.8146142686819752,-0.2951776193616089,-0.1830312195931941
16485,-0.15536012118758386,-0.4250965025587132,-0.18755583222450684
16488,-0.5953485042211982,-0.16525873616450468,-0.17251274742445974
16491,-0.4553522005286846,-0.4250965025587132,-0.14661170537510004
16493,-0.1253609132534738,-0.03533985296740041,-0.07758715356560535
16494,2.0445817939804884,-0.4250965025587132,-0.13603424071695372
16495,-0.8953405835622991,-0.16525873616450468,-0.15587686541029
16496,-0.8353421676940789,-0.16525873616450468,-0.04999536450838245
16497,-0.42535299259457454,0.2244979134268081,0.10206835107637781
16498,0.6846177009674982,-0.2951776193616089,-0.2167938456560745
16499,2.6745651605967997,-0.2951776193616089,-0.18735548037367378
16500,-0.8753411116062256,0.2244979134268081,-0.1834141142414528
16503,0.1446319581535169,-0.03533985296740041,-0.06864923488677603
16504,-0.6753463920454919,-0.4250965025587132,-0.17617696016302836
16505,-0.6053482401992349,-0.4250965025587132,-0.14148047186209842
16506,-0.7253450719356752,-0.2951776193616089,-0.21798148690517924
16509,2.0445817939804884,-0.4250965025587132,-0.187550266895317
16510,2.79456199233324,-0.4250965025587132,-0.20041730798214977
16511,-0.7053455999796019,-0.16525873616450468,-0.12581629632446892
16513,-0.8753411116062256,-0.03533985296740041,-0.13068484629971167
16515,-0.4053535206385011,0.09457903022970385,-0.047254996415321694
16516,-0.6253477121553084,-0.4250965025587132,-0.21671259184990332
16517,1.8445870744197546,-0.4250965025587132,-0.20992289023833935
16518,-0.31535589683617093,-0.2951776193616089,-0.17412446675782772
16519,-0.6753463920454919,-0.2951776193616089,-0.20409265137909802
16520,0.9346111004184156,-0.16525873616450468,-0.11154234001845308
16523,-0.9053403195403357,2.1732811613833722,0.8203052488643757
16525,-0.9053403195403357,2.8228755773688934,1.2220084836529366
16526,0.7946147967259019,-0.4250965025587132,-0.19571349175092526
16527,-0.11536117727543709,-0.4250965025587132,-0.20264789192142424
16528,-0.8853408475842623,-0.4250965025587132,-0.20082802927635748
16529,0.9746100443305623,-0.4250965025587132,-0.17736014914878123
16531,-0.7053455999796019,0.35441679662391234,-0.08950141029514322
16532,-0.7453445438917486,-0.16525873616450468,0.5231534013013589
16533,-0.7353448079137119,-0.16525873616450468,-0.10750858942168129
16535,-0.8753411116062256,-0.4250965025587132,-0.1619441872930171
16536,0.17463116608762697,-0.4250965025587132,-0.16702310671163456
16539,-0.8953405835622991,-0.03533985296740041,-0.07344877478006522
16542,-0.38535404868242773,-0.4250965025587132,-0.21471797786827668
16545,0.724616644879645,-0.4250965025587132,-0.19026614753994261
16546,1.9845833781122681,-0.2951776193616089,-0.14041749398684536
16549,-0.8253424317160422,0.7441734462152251,0.221078463537039
16550,0.16463143010959028,0.09457903022970385,0.027858025527821337
16551,0.03463486239511329,-0.16525873616450468,-0.12539444437188157
16552,1.5045960511665069,-0.2951776193616089,-0.18576602235706505
16553,0.7046171729235716,1.0040112126094336,0.408621152706816
16554,-0.505350880418868,-0.16525873616450468,-0.13485773012622862
16555,-0.5753490322651249,-0.2951776193616089,-0.196211032180494
16556,-0.25535748096795075,0.35441679662391234,0.140814172895811
16557,-0.6853461280235285,-0.2951776193616089,-0.19666071077903036
16558,-0.9153400555183724,2.043362278186268,0.7000963644962303
16560,-0.6553469200894184,-0.2951776193616089,-0.1343779987500673
16561,-0.8653413756281889,-0.2951776193616089,-0.1711414503120914
16563,-0.38535404868242773,-0.4250965025587132,-0.10807291380152767
16565,2.714564104508946,-0.4250965025587132,-0.2086985178165819
16566,-0.7753437518258587,0.09457903022970385,-0.15961676662584
16567,1.014608988242709,-0.2951776193616089,-0.1316854924880389
16569,-0.8953405835622991,-0.4250965025587132,-0.21420819371449037
16570,-0.7753437518258587,0.7441734462152251,0.18807606144148617
16571,-0.6553469200894184,-0.16525873616450468,-0.0697890143048484
16572,0.3446266777142507,-0.16525873616450468,-0.11565734442139604
16573,-0.07536223336329032,-0.2951776193616089,-0.15416830934901937
16574,-0.215358537055804,-0.4250965025587132,-0.1777842272330445
16581,0.9046118924843054,-0.4250965025587132,-0.21625178259298736
16582,0.20463037402173703,-0.4250965025587132,-0.1931245006118273
16583,2.814561464289313,-0.4250965025587132,-0.2020479494347631
16584,-0.1253609132534738,-0.2951776193616089,-0.12384060446208758
16586,1.5645944670347272,-0.4250965025587132,-0.17639178186975488
16587,1.3945989554081033,-0.4250965025587132,-0.20297179408027097
16589,-0.215358537055804,-0.16525873616450468,-0.17691603587943466
16591,-0.23535800901187737,-0.4250965025587132,-0.2042685157814959
16592,-0.8853408475842623,1.5236867453978509,0.22984719620849822
16593,-0.4153532566165378,-0.16525873616450468,-0.19129795957173276
16594,-0.17535959314365723,-0.4250965025587132,-0.2078759621623285
16595,-0.31535589683617093,-0.4250965025587132,-0.18794429220195533
16596,-0.7653440158478221,-0.2951776193616089,-0.20018912948536768
16597,-0.8853408475842623,-0.4250965025587132,-0.21801042661696624
16598,1.9345846982220847,-0.4250965025587132,-0.21188745144234106
16600,-0.8853408475842623,0.2244979134268081,-0.13748233937214138
16601,-0.5153506163969047,-0.4250965025587132,-0.20101836353464886
16602,-0.5653492962870882,-0.4250965025587132,-0.16925369065090903
16603,-0.17535959314365723,-0.2951776193616089,-0.17433038393785055
16607,-0.7453445438917486,1.2638489790036422,0.14458969221817575
16609,-0.7753437518258587,0.35441679662391234,0.3834257943987238
16610,1.2646023876936263,-0.4250965025587132,-0.2196110152919546
16611,0.9346111004184156,-0.4250965025587132,-0.21361938188620885
16612,-0.5953485042211982,-0.03533985296740041,-0.09583809411065694
16613,-0.22535827303384068,-0.4250965025587132,-0.15917933175152119
16614,0.9046118924843054,-0.4250965025587132,-0.1716901917702063
16616,-0.7753437518258587,-0.2951776193616089,-0.17233243075871
16617,1.4345978993202502,-0.4250965025587132,-0.2111305666725274
16618,-0.6153479761772717,0.09457903022970385,0.06666172677082856
16619,1.7145905067052774,-0.4250965025587132,-0.20285380910144707
16620,-0.8853408475842623,-0.2951776193616089,-0.20811304518581425
16621,-0.4053535206385011,-0.03533985296740041,-0.13748679163549324
16623,1.5345952591006171,-0.4250965025587132,-0.2136238341495607
16624,-0.11536117727543709,-0.2951776193616089,-0.13781069379433997
16625,1.8245876024636811,-0.4250965025587132,-0.19095847449115455
16626,-0.9153400555183724,1.653605628594955,0.2631746135287358
16627,-0.13536064923151048,-0.4250965025587132,-0.1921027061725788
16628,-0.6253477121553084,0.09457903022970385,0.015511899253154533
16629,-0.18535932912169392,-0.2951776193616089,-0.18254926208535685
16633,-0.7553442798697854,0.2244979134268081,0.09287554032065533
16634,1.3046013316057732,-0.2951776193616089,-0.20377876681279292
16637,-0.6053482401992349,-0.03533985296740041,-0.09953235962685053
16638,-0.6953458640015652,0.7441734462152251,-0.04095726990413661
16639,-0.6153479761772717,-0.16525873616450468,-0.0880633292324972
16641,0.1346322221754802,-0.4250965025587132,-0.202309519906684
16642,-0.8753411116062256,-0.2951776193616089,-0.15141681059757903
16643,1.5345952591006171,-0.4250965025587132,-0.17376939875551806
16644,0.854613212594122,-0.2951776193616089,-0.13522726798443177
16647,0.7746153247698284,-0.2951776193616089,-0.20420618409457006
16648,-0.49535114444083134,-0.4250965025587132,-0.19568009977578643
16650,-0.2053588010777673,-0.4250965025587132,-0.17032891225037963
16652,-0.3353553687922443,0.35441679662391234,0.5259549880155076
16653,-0.7653440158478221,-0.2951776193616089,-0.09305542951575367
16654,0.4846229814067644,-0.03533985296740041,-0.16110716178287018
16655,-0.7453445438917486,0.2244979134268081,0.19376605400514438
16656,-0.7053455999796019,1.3937678622007466,0.7320758590866966
16657,-0.8253424317160422,-0.03533985296740041,-0.13070265535311906
16658,2.754563048421093,-0.4250965025587132,-0.21431504803493467
16659,0.9646103083525256,-0.4250965025587132,-0.22367815786386522
16660,-0.7653440158478221,-0.03533985296740041,-0.08693468047280442
16665,2.694564632552873,-0.4250965025587132,-0.2129615599759737
16666,-0.7353448079137119,-0.4250965025587132,-0.21478921408190618
16667,-0.24535774498991408,-0.2951776193616089,-0.1649016032244803
16668,-0.7753437518258587,0.2244979134268081,-0.19389251604002056
16669,-0.6853461280235285,-0.16525873616450468,-0.0778932466710447
16670,-0.7553442798697854,0.8740923294123294,0.227868165148603
16671,-0.6453471841113817,-0.16525873616450468,-0.039671678861291304
16672,-0.9053403195403357,2.043362278186268,0.6774399093645278
16674,-0.37535431270439107,-0.2951776193616089,-0.19416855636783498
16676,-0.5853487682431616,-0.03533985296740041,-0.05081903322847383
16678,-0.8953405835622991,1.0040112126094336,0.11812989111815948
16679,2.73456357646502,-0.4250965025587132,-0.21359044217442186
16680,-0.49535114444083134,-0.4250965025587132,-0.2075854519786206
16681,-0.1953590650997306,0.2244979134268081,-0.030981973864327366
16682,-0.8753411116062256,0.09457903022970385,-0.11360930327954723
16684,-0.8853408475842623,3.082713343763102,7.190947590028474
16685,-0.31535589683617093,-0.2951776193616089,-0.19194242469191236
16686,-0.4553522005286846,0.35441679662391234,0.1014216598245223
16688,-0.9153400555183724,-0.03533985296740041,-0.08769045217678018
16689,-0.16535985716562054,-0.2951776193616089,-0.18099430910972492
16690,-0.2053588010777673,-0.2951776193616089,-0.20292393224923863
16692,1.6345926188809838,-0.2951776193616089,-0.08600527049810675
16693,-0.23535800901187737,-0.2951776193616089,-0.1748435072891507
16696,0.4246245655385443,-0.03533985296740041,-0.1548038699424953
16697,1.4845965792104336,-0.4250965025587132,-0.2154826540989561
16698,1.3446002755179198,-0.2951776193616089,-0.0056419169973001785
16700,-0.8353421676940789,1.133930095806538,0.33702096654827884
16701,-0.8353421676940789,1.133930095806538,0.372833859884684
16705,-0.9153400555183724,2.043362278186268,1.3341543190908902
16706,-0.5553495603090515,-0.16525873616450468,-0.16888971812189568
16708,-0.4653519365067213,-0.4250965025587132,-0.15494522930391635
16709,-0.07536223336329032,0.09457903022970385,0.10921200762441348
16710,-0.7353448079137119,0.7441734462152251,0.04667106432104339
16711,-0.8953405835622991,0.09457903022970385,-0.044261962377043745
16712,-0.8353421676940789,0.8740923294123294,0.17393010770683587
16713,-0.7353448079137119,1.3937678622007466,0.5411828417446561
16714,1.2646023876936263,-0.16525873616450468,-0.10236065992111024
16715,-0.14536038520954717,-0.4250965025587132,-0.19444904895900122
16716,1.7445897146393876,-0.2951776193616089,-0.12772297810489663
16717,-0.6853461280235285,0.2244979134268081,0.19972763463326515
16718,2.76456278439913,-0.4250965025587132,-0.16057511631232468
16719,-0.7753437518258587,0.35441679662391234,-0.03099533065438289
16720,-0.6653466560674551,-0.4250965025587132,-0.21100812943035163
16721,1.6945910347492041,-0.4250965025587132,-0.19547863485911543
16722,-0.7553442798697854,1.133930095806538,0.2985378282666045
16723,-0.015363817495070167,-0.2951776193616089,-0.16387535652187996
16725,2.0945804738706717,0.35441679662391234,-0.14363202812687764
16726,-0.6653466560674551,0.09457903022970385,-0.07679576375481487
16727,2.714564104508946,-0.4250965025587132,-0.19950236786334558
16728,-0.4653519365067213,-0.03533985296740041,-0.11135200576016169
16729,-0.5453498243310149,2.1732811613833722,0.5739681960018065
16730,-0.4053535206385011,-0.16525873616450468,-0.14531943593722696
16732,-0.6053482401992349,-0.4250965025587132,-0.1608311214550558
16734,-0.4053535206385011,-0.16525873616450468,-0.1560438252859842
16735,-0.13536064923151048,0.09457903022970385,0.02211905806729283
16737,-0.39535378466046445,-0.4250965025587132,-0.18155084202870558
16738,2.054581529958525,-0.4250965025587132,-0.22761507173273438
16739,0.8446134766160853,-0.4250965025587132,-0.19208044485581954
16742,-0.4553522005286846,-0.4250965025587132,-0.17628604061514855
16743,-0.6353474481333451,0.35441679662391234,0.01830346837476149
16744,-0.8153426957380054,0.35441679662391234,-0.08423438274991028
16745,-0.05536276140721694,1.653605628594955,0.5712267148429079
16746,-0.8753411116062256,1.7835245117920593,0.5155077520604027
16747,-0.5453498243310149,-0.2951776193616089,-0.1349734889733766
16748,-0.7453445438917486,0.09457903022970385,-0.05930282104541491
16750,-0.47535167248475796,0.09457903022970385,-0.1585849545940499
16751,-0.6153479761772717,-0.4250965025587132,-0.03160751686526161
16752,2.8045617283112767,-0.4250965025587132,-0.20493635528427268
16753,-0.345355104770281,-0.4250965025587132,-0.2031087011783402
16754,2.79456199233324,-0.4250965025587132,-0.005152168028597192
16755,0.21463010999977375,-0.16525873616450468,-0.06380739849164434
16756,1.2246034437814797,-0.4250965025587132,-0.2013856752611761
16757,2.2645759854972956,-0.4250965025587132,-0.2161415890750292
16758,-0.2753569529240241,-0.4250965025587132,-0.18692249776270686
16759,-0.8453419036721156,-0.16525873616450468,-0.14012364460562357
16761,0.04463459837314998,-0.4250965025587132,-0.19279058086043888
16762,-0.7253450719356752,-0.16525873616450468,-0.0936587111999287
16763,1.0646076681328924,-0.4250965025587132,-0.15992953812630714
16764,-0.8853408475842623,1.133930095806538,0.08261863862384186
16765,2.0145825860463784,-0.4250965025587132,-0.2242480475729014
16766,1.8045881305076077,-0.2951776193616089,-0.10051964902512223
16767,-0.6153479761772717,0.8740923294123294,0.3925640649283862
16768,-0.4453524645506479,-0.16525873616450468,-0.1748179067748776
16769,1.6745915627931307,-0.4250965025587132,-0.18779068911631666
16770,-0.345355104770281,0.09457903022970385,-0.1437622568299191
16771,-0.5953485042211982,0.09457903022970385,0.02158478646507143
16773,-0.3553548407483177,-0.4250965025587132,-0.20893337470839177
16774,-0.24535774498991408,-0.03533985296740041,-0.1544009401091533
16775,-0.8253424317160422,0.8740923294123294,-0.039756271864976364
16776,-0.3253556328142076,-0.4250965025587132,-0.18667762327835535
16777,-0.1253609132534738,-0.2951776193616089,-0.2032533997372752
16778,-0.18535932912169392,-0.2951776193616089,-0.2006577302031494
16779,-0.9053403195403357,2.303200044580476,0.953121829979109
16780,0.07463380630726006,-0.2951776193616089,-0.1810343794798915
16781,2.79456199233324,-0.4250965025587132,-0.19338829721542408
16782,-0.8253424317160422,1.133930095806538,0.024405295298465357
16784,-0.7253450719356752,-0.4250965025587132,-0.21605588300550618
16788,0.30462773380210395,-0.2951776193616089,-0.1618729510793876
16789,-0.8453419036721156,-0.4250965025587132,-0.21903889945124247
16790,-0.8853408475842623,0.2244979134268081,-0.05599478937499392
16791,-0.6353474481333451,0.35441679662391234,-0.03816792691420558
16792,1.8945857543099378,-0.2951776193616089,-0.2157464507025529
16793,-0.3553548407483177,-0.4250965025587132,-0.2008914740291213
16794,-0.9153400555183724,0.7441734462152251,-0.09485414390989916
16795,2.724563840486983,-0.4250965025587132,-0.18185359593663103
16796,-0.03536328945114355,-0.4250965025587132,-0.1940149532821963
16800,-0.8153426957380054,-0.4250965025587132,-0.09862187177139818
16801,0.7046171729235716,-0.03533985296740041,-0.050584176336663976
16803,-0.2753569529240241,-0.4250965025587132,-0.19104529362651554
16804,-0.6953458640015652,-0.16525873616450468,-0.16826194898928548
16805,0.8146142686819752,-0.2951776193616089,-0.1767657719913099
16806,0.10463301424137013,-0.03533985296740041,-0.1431990455159107
16807,0.5046224533628378,-0.16525873616450468,-0.10319212010206734
16808,0.06463407032922336,-0.2951776193616089,-0.19592942652348977
16809,-0.6953458640015652,0.09457903022970385,-0.1262214522894868
16810,0.9946095162866356,-0.4250965025587132,-0.19357863147371548
16811,-0.8753411116062256,-0.2951776193616089,-0.16713997862462046
16812,2.684564896574836,-0.4250965025587132,-0.17467766047929448
16813,-0.8453419036721156,0.7441734462152251,-0.044133959805678184
16814,-0.7853434878038954,2.1732811613833722,0.4861884848226638
16816,0.10463301424137013,-0.03533985296740041,-0.1816109475839555
16817,-0.8953405835622991,0.6142545630181209,-0.04941323107512868
16818,-0.8153426957380054,0.8740923294123294,0.14479672246403658
16820,0.03463486239511329,-0.4250965025587132,-0.17264520225917712
16823,1.3446002755179198,-0.4250965025587132,-0.18814241792111244
16824,-0.7653440158478221,-0.2951776193616089,-0.1767602066621201
16825,-0.5353500883529781,-0.2951776193616089,-0.14174983379488507
16826,-0.4153532566165378,-0.4250965025587132,-0.1899990117388319
16828,0.004635654461003215,-0.2951776193616089,-0.21372957540416704
16829,0.6446187570553514,-0.4250965025587132,-0.2060805869656969
16830,-0.5353500883529781,-0.4250965025587132,-0.19175654269697281
16832,0.9146116284623421,-0.16525873616450468,-0.20586576525897038
16833,-0.9153400555183724,-0.03533985296740041,-0.10486839725403706
16834,1.3546000114959567,-0.4250965025587132,-0.18201165128562155
16835,0.3546264136922874,-0.2951776193616089,-0.2079026757424396
16836,-0.5253503523749414,-0.2951776193616089,-0.19999768216123837
16837,-0.6153479761772717,0.8740923294123294,0.12491847966388553
16838,1.0446081961768192,-0.2951776193616089,-0.16248958955361814
16839,-0.8353421676940789,3.8622266429457275,1.619027937395356
16841,-0.5553495603090515,0.2244979134268081,-0.019909194908288255
16842,0.08463354228529675,-0.16525873616450468,-0.08731980125273904
16843,-0.49535114444083134,1.5236867453978509,0.9069129017161452
16846,-0.42535299259457454,-0.4250965025587132,-0.2041772443827831
16847,-0.49535114444083134,-0.4250965025587132,-0.20650132585244627
16848,-0.39535378466046445,-0.4250965025587132,-0.19670857261006267
16849,0.9446108363964523,-0.4250965025587132,-0.21416701027848584
16850,2.4145720251678457,-0.4250965025587132,-0.19103304990229794
16851,-0.8853408475842623,-0.16525873616450468,-0.1899155318009848
16852,-0.8253424317160422,-0.2951776193616089,-0.2119030343640725
16855,-0.6853461280235285,-0.2951776193616089,-0.19147938930332045
16856,-0.7753437518258587,-0.4250965025587132,-0.22409221835558682
16858,2.76456278439913,-0.4250965025587132,-0.18621570095560142
16859,0.5246219253189112,-0.2951776193616089,-0.14479629499338517
16861,-0.3253556328142076,-0.2951776193616089,-0.20869183942155414
16863,-0.6153479761772717,-0.2951776193616089,-0.1720675210892752
16866,0.4846229814067644,-0.16525873616450468,-0.20490964170416162
16869,-0.6953458640015652,-0.03533985296740041,-0.13708163567047532
16871,-0.7053455999796019,0.2244979134268081,0.08499948645124113
16872,-0.15536012118758386,-0.16525873616450468,-0.15234176830892487
16873,-0.8753411116062256,0.2244979134268081,0.5648733350398247
16875,-0.25535748096795075,0.09457903022970385,0.0052138141203364975
16877,-0.8053429597599688,0.2244979134268081,-0.13379809144848948
16878,-0.085361969341327,-0.4250965025587132,-0.22655209385748132
16880,-0.6153479761772717,0.35441679662391234,-0.06202649315090624
16881,-0.25535748096795075,-0.4250965025587132,-0.17994802722204128
16882,-0.25535748096795075,-0.16525873616450468,-0.149547973055642
16883,0.9446108363964523,-0.2951776193616089,-0.1977036534692001
16884,-0.5453498243310149,-0.2951776193616089,-0.18018844944304094
16885,-0.7753437518258587,-0.16525873616450468,-0.1778988730143545
16887,-0.5753490322651249,-0.4250965025587132,-0.20662487616046
16889,1.0246087242207458,-0.16525873616450468,-0.05231610678053177
16891,-0.9053403195403357,0.09457903022970385,-0.14539512441420835
16892,-0.9153400555183724,0.09457903022970385,-0.17035451276465274
16893,2.744563312443056,-0.4250965025587132,-0.21178950164860047
16895,-0.2753569529240241,-0.4250965025587132,-0.20551848871752645
16897,2.0645812659365617,-0.2951776193616089,-0.19577804956952702
16898,-0.6653466560674551,-0.16525873616450468,-0.17226453374259437
16899,-0.8453419036721156,0.2244979134268081,-0.08655512502205963
16900,-0.7553442798697854,-0.16525873616450468,-0.1292912878705841
16902,0.23462958195584713,-0.4250965025587132,-0.038045489672029816
16903,-0.6353474481333451,-0.4250965025587132,-0.18760592018721509
16904,-0.8853408475842623,1.5236867453978509,0.1786539591231437
16905,-0.8753411116062256,0.35441679662391234,0.11007240751715756
16906,-0.1053614412974004,-0.03533985296740041,-0.1657464201954929
16907,-0.6353474481333451,0.09457903022970385,-0.12465536865547526
16909,-0.2053588010777673,-0.4250965025587132,-0.18583169324150478
16910,-0.8853408475842623,0.4843356798210166,-0.06007528873696007
16912,-0.6353474481333451,0.8740923294123294,0.05642040799574652
16913,1.9745836421342315,-0.4250965025587132,-0.21540585255613676
16914,-0.5653492962870882,-0.4250965025587132,-0.20757877358359283
16915,-0.8353421676940789,0.2244979134268081,-0.15883539440759117
16916,-0.6853461280235285,-0.2951776193616089,-0.16543253562918786
16917,1.8445870744197546,-0.4250965025587132,-0.18445371773410865
16918,-0.42535299259457454,0.2244979134268081,-0.10906576852898917
16919,0.6346190210773148,0.8740923294123294,0.06050202042355065
16921,-0.31535589683617093,-0.4250965025587132,-0.2108712223322824
16923,-0.8053429597599688,1.9134433949891636,0.5588026739595836
16924,-0.7153453359576386,-0.16525873616450468,-0.13566025059539874
16926,2.784562256355203,-0.4250965025587132,-0.2024041305029107
16927,0.23462958195584713,-0.16525873616450468,-0.16758743109148094
16928,-0.1253609132534738,1.653605628594955,0.08526216998899996
16929,-0.8853408475842623,0.35441679662391234,-0.08384703583829975
16930,-0.6653466560674551,-0.16525873616450468,-0.1858595198874538
16931,-0.8753411116062256,2.1732811613833722,0.2789545479135132
16932,-0.39535378466046445,-0.4250965025587132,-0.2113108833382771
16933,-0.9153400555183724,-0.2951776193616089,-0.16534126423047502
16934,-0.37535431270439107,-0.2951776193616089,-0.12440270271025805
16936,-0.6653466560674551,-0.4250965025587132,-0.19888127712576315
16938,-0.8353421676940789,-0.03533985296740041,0.07379536572632256
16940,-0.4053535206385011,-0.16525873616450468,0.11143925236617408
16942,-0.7953432237819321,0.6142545630181209,-0.01599454235617832
16943,1.1946042358473694,-0.16525873616450468,-0.1371250452381558
16945,-0.7053455999796019,1.9134433949891636,0.2556502884641173
16947,1.4345978993202502,-0.4250965025587132,-0.18278857124051853
16948,0.46462350945069103,-0.16525873616450468,-0.17961188133897696
16949,-0.8853408475842623,0.2244979134268081,-0.08486215188252047
16950,-0.3553548407483177,-0.16525873616450468,-0.09685098402320175
16951,0.4246245655385443,-0.16525873616450468,-0.08581048397646351
16952,0.16463143010959028,-0.2951776193616089,-0.20937637491190034
16953,-0.6253477121553084,-0.4250965025587132,-0.22571729447901034
16954,-0.9153400555183724,0.6142545630181209,0.004050660319666898
16955,0.9246113644403788,-0.03533985296740041,-0.1703010856044306
16956,-0.7453445438917486,-0.4250965025587132,-0.1936676767407524
16957,1.4645971072543602,-0.2951776193616089,-0.18165769634914986
16959,-0.05536276140721694,-0.4250965025587132,-0.2149706438134939
16960,-0.5353500883529781,-0.16525873616450468,-0.17159446810814166
16961,0.23462958195584713,-0.4250965025587132,-0.20196780869442987
16963,0.9446108363964523,-0.4250965025587132,-0.2157275285833076
16965,1.3446002755179198,-0.4250965025587132,-0.20563869982802627
16966,-0.8453419036721156,0.35441679662391234,0.011829877461178478
16967,0.9646103083525256,-0.4250965025587132,-0.19252344505932817
16968,-0.8853408475842623,-0.2951776193616089,-0.17912101930443602
16969,-0.5353500883529781,-0.16525873616450468,-0.15563755625512832
16971,-0.5453498243310149,-0.4250965025587132,-0.1882726466241539
16976,1.7445897146393876,-0.4250965025587132,-0.200036639465567
16978,-0.14536038520954717,-0.4250965025587132,-0.1897062754234481
16979,-0.8853408475842623,0.2244979134268081,-0.0218926782315353
16980,1.6245928829029472,-0.2951776193616089,-0.11355810225100099
16982,-0.31535589683617093,-0.4250965025587132,-0.1852840648492278
16983,-0.7953432237819321,0.35441679662391234,-0.015896592562437736
16984,-0.04536302542918024,-0.2951776193616089,0.26834146514855217
16985,-0.7553442798697854,0.7441734462152251,0.3801600592301453
16986,-0.6253477121553084,-0.2951776193616089,-0.01953297865505732
16987,-0.8953405835622991,0.35441679662391234,-0.04807198674038531
16988,-0.8753411116062256,-0.4250965025587132,-0.21399448507360183
16989,-0.8553416396501522,0.2244979134268081,-0.10189428533500444
16990,1.2646023876936263,-0.4250965025587132,-0.20810859292246242
16992,-0.8153426957380054,0.09457903022970385,-0.048349140134037676
16996,-0.6253477121553084,0.2244979134268081,-0.06586323109435888
16997,1.954584170178158,-0.16525873616450468,-0.14989524959708592
16998,0.5746206052090946,-0.03533985296740041,-0.1951970292021112
16999,-0.6953458640015652,-0.2951776193616089,-0.17406881346592964
17001,-0.9153400555183724,0.8740923294123294,0.2160329360935604
17002,-0.06536249738525363,-0.16525873616450468,-0.06177048800817514
17004,-0.4653519365067213,-0.2951776193616089,-0.08198265055971456
17006,-0.8753411116062256,-0.03533985296740041,-0.1410152103418306
17007,-0.4153532566165378,0.2244979134268081,-0.12897740330427904
17010,-0.7453445438917486,-0.4250965025587132,-0.2062876172115577
17011,-0.6253477121553084,-0.4250965025587132,-0.19787951787159797
17014,-0.8453419036721156,-0.16525873616450468,-0.16309287123779317
17015,-0.6353474481333451,-0.16525873616450468,-0.023383073388565507
17017,-0.8953405835622991,2.043362278186268,0.7396959078133798
17018,-0.5153506163969047,-0.2951776193616089,-0.12561928367114977
17019,-0.8153426957380054,-0.03533985296740041,-0.08799988447973342
17022,-0.6153479761772717,-0.4250965025587132,-0.22012970397244455
17024,-0.47535167248475796,-0.16525873616450468,-0.21736373536511072
17025,-0.31535589683617093,-0.16525873616450468,-0.1882103149372281
17026,0.9246113644403788,-0.2951776193616089,-0.21079887305281492
17027,-0.13536064923151048,0.2244979134268081,-0.13035426574583717
17029,0.18463090206566365,-0.2951776193616089,-0.1483369574239401
17030,-0.28535668890206084,-0.4250965025587132,-0.2116848734598321
17031,-0.8053429597599688,-0.2951776193616089,-0.18569701227511146
17033,-0.06536249738525363,-0.16525873616450468,-0.11337110719022349
17034,-0.7653440158478221,-0.16525873616450468,-0.1450511870702783
17035,1.5345952591006171,-0.2951776193616089,-0.1797777281488332
17037,-0.04536302542918024,-0.4250965025587132,-0.08697141164545716
17038,-0.6253477121553084,-0.4250965025587132,-0.21552161140328474
17040,0.4546237734726543,-0.4250965025587132,-0.17797456149133586
17041,-0.6553469200894184,-0.16525873616450468,-0.10876857995025348
17042,-0.8953405835622991,0.09457903022970385,-0.11265429279057643
17043,-0.6053482401992349,-0.03533985296740041,-0.034895513350599316
17044,-0.6753463920454919,-0.4250965025587132,-0.12246040282301555
17045,0.20463037402173703,-0.16525873616450468,-0.19025056461821116
17046,0.6446187570553514,-0.4250965025587132,-0.15657141849317785
17047,-0.07536223336329032,-0.16525873616450468,-0.10549505332080926
17048,0.2546290539119205,-0.16525873616450468,-0.12503492410622008
17049,-0.8953405835622991,0.6142545630181209,0.40140959914266466
17050,0.03463486239511329,0.2244979134268081,0.1265502341823368
17051,1.014608988242709,-0.4250965025587132,-0.2012198284513199
17052,-0.6453471841113817,-0.4250965025587132,-0.18361112689477196
17053,0.3846256216263975,-0.4250965025587132,-0.17254836553127448
17054,-0.6453471841113817,0.09457903022970385,-0.07706401262176354
17058,-0.1053614412974004,-0.16525873616450468,-0.09670294626675288
17059,-0.6253477121553084,0.09457903022970385,0.11483521623779401
17060,1.7345899786613508,-0.4250965025587132,-0.20196001723356413
17061,-0.18535932912169392,0.8740923294123294,0.35434917551366046
17062,2.214577305607112,-0.03533985296740041,-0.16866933108597934
17063,-0.7153453359576386,0.35441679662391234,-0.06539796957409104
17064,-0.3353553687922443,-0.16525873616450468,-0.1328152543135696
17068,-0.8053429597599688,2.1732811613833722,0.2786506809397498
17069,-0.6453471841113817,0.6142545630181209,0.07357497869040622
17070,0.21463010999977375,-0.4250965025587132,-0.19416855636783498
17071,-0.6453471841113817,0.6142545630181209,0.04233455981634618
17073,-0.7453445438917486,-0.03533985296740041,-0.06707313366022283
17075,-0.7453445438917486,-0.03533985296740041,-0.13518942374594112
17076,-0.5653492962870882,-0.16525873616450468,-0.13441472992272002
17078,-0.5653492962870882,-0.2951776193616089,-0.1859363214302731
17079,-0.14536038520954717,-0.4250965025587132,-0.2148092492669895
17080,-0.7053455999796019,-0.2951776193616089,-0.19601847179052667
17081,-0.6753463920454919,-0.2951776193616089,-0.19587488629742966
17082,-0.5953485042211982,-0.2951776193616089,-0.004990773482092823
17083,0.16463143010959028,-0.16525873616450468,-0.07155990205304487
17084,-0.5753490322651249,-0.2951776193616089,0.07783690778396006
17085,0.30462773380210395,0.09457903022970385,-0.05412706489889482
17086,-0.8553416396501522,0.2244979134268081,0.00015492988680231425
17088,-0.6453471841113817,-0.03533985296740041,-0.006419950018035135
17090,-0.8853408475842623,0.35441679662391234,-0.008240925728939827
17091,-0.8953405835622991,0.6142545630181209,0.19802241776950846
17092,-0.42535299259457454,-0.03533985296740041,-0.030571252570119636
17094,2.2945751934314056,-0.4250965025587132,-0.19441788311553831
17095,-0.6953458640015652,-0.16525873616450468,-0.08064474542248506
17096,-0.7753437518258587,-0.03533985296740041,-0.1142626729264305
17097,-0.9053403195403357,0.4843356798210166,-0.12179924171526653
17100,-0.7453445438917486,-0.2951776193616089,-0.11987141168391754
17101,-0.8253424317160422,-0.03533985296740041,-0.04752324528227038
17102,1.6945910347492041,-0.4250965025587132,-0.22519415353516853
17105,0.6646182290114249,-0.2951776193616089,-0.15392677406218178
17107,-0.5953485042211982,0.2244979134268081,0.9737981409850783
17109,-0.6353474481333451,0.2244979134268081,-0.1299390921882776
17110,0.724616644879645,-0.4250965025587132,-0.20985610628806167
17111,-0.4553522005286846,-0.4250965025587132,-0.20225275354894795
17114,-0.8653413756281889,0.4843356798210166,-0.13886254101121343
17115,-0.8453419036721156,-0.16525873616450468,-0.13481320749271017
17117,1.954584170178158,-0.4250965025587132,-0.21509864638485943
17118,2.2545762495192587,-0.4250965025587132,-0.21055511163430138
17119,-0.8953405835622991,-0.2951776193616089,-0.16047939265026004
17120,1.4045986913861401,-0.4250965025587132,-0.19381014916801143
17122,0.2646287898899572,-0.4250965025587132,-0.21263654475128904
17123,0.6946174369455349,-0.4250965025587132,-0.18959830803716585
17124,0.9246113644403788,-0.4250965025587132,-0.19528162220579628
17125,-0.42535299259457454,-0.4250965025587132,-0.20237630385696168
17126,0.594620077165168,0.09457903022970385,-0.11790017208488807
17128,2.4245717611458826,-0.4250965025587132,-0.21054732017343566
17131,-0.8753411116062256,0.09457903022970385,0.04613456658714608
17133,-0.7653440158478221,0.35441679662391234,0.3165060500888139
17134,0.1446319581535169,-0.2951776193616089,-0.18204059099740855
17135,-0.7653440158478221,0.35441679662391234,-0.10117301867200551
17138,1.8345873384417177,-0.4250965025587132,-0.18568031628754203
17139,-0.7653440158478221,1.0040112126094336,0.957468352076348
17140,1.5445949950786537,-0.4250965025587132,-0.17748592558847087
17142,1.4645971072543602,-0.4250965025587132,-0.16358595940401002
17144,-0.9153400555183724,-0.2951776193616089,-0.11844334821381317
17146,0.1346322221754802,-0.16525873616450468,-0.14457702102330677
17147,-0.6953458640015652,-0.03533985296740041,-0.037187315910961666
17148,-0.4053535206385011,-0.4250965025587132,-0.214132505237509
17152,1.0246087242207458,-0.16525873616450468,-0.039979998098406584
17153,-0.6853461280235285,-0.4250965025587132,-0.204237349938033
17154,-0.17535959314365723,-0.4250965025587132,-0.1913747611145521
17155,-0.7453445438917486,-0.2951776193616089,-0.20001660428048368
17157,-0.8453419036721156,-0.2951776193616089,-0.19252567119100408
17158,-0.6053482401992349,-0.16525873616450468,-0.0870103689497858
17159,-0.7053455999796019,-0.16525873616450468,-0.05674499574977982
17160,-0.6153479761772717,0.2244979134268081,0.1635474295703328
17162,-0.6353474481333451,0.7441734462152251,-0.03709047918305902
17163,-0.7053455999796019,-0.2951776193616089,-0.1954085117113239
17164,-0.5953485042211982,0.35441679662391234,0.04659982810741388
17165,1.9145852262660112,-0.4250965025587132,-0.2103703427051998
17166,-0.5353500883529781,-0.2951776193616089,-0.2050654709214762
17169,-0.345355104770281,-0.2951776193616089,-0.13500465481683951
17171,1.9645839061561947,-0.4250965025587132,-0.20299850766038202
17172,-0.13536064923151048,-0.4250965025587132,-0.1926636913549113
17173,-0.8753411116062256,0.4843356798210166,0.19121490710453704
17174,1.2546026517155897,-0.4250965025587132,-0.22136520705258161
17175,-0.4853514084627947,-0.03533985296740041,-0.06734026946133354
17176,1.0946068760670027,-0.4250965025587132,-0.19395818692446026
17179,0.854613212594122,-0.16525873616450468,-0.1488055581417218
17180,-0.36535457672635435,-0.03533985296740041,-0.14077144892331706
17181,-0.3553548407483177,-0.2951776193616089,-0.2013277958376021
17183,-0.8453419036721156,0.2244979134268081,0.1445451695846573
17186,-0.4553522005286846,-0.2951776193616089,-0.212004323355327
17187,1.3446002755179198,-0.4250965025587132,-0.20533149365674894
17188,-0.8153426957380054,0.35441679662391234,0.047365617403931276
17189,0.1346322221754802,-0.2951776193616089,-0.1853185698902046
17190,-0.3353553687922443,-0.2951776193616089,-0.17852998134447856
17191,-0.6453471841113817,0.35441679662391234,0.005007896940313615
17193,-0.5653492962870882,0.35441679662391234,-0.0388891935772045
17194,1.8145878664856443,-0.2951776193616089,-0.19880113638542996
17197,-0.6253477121553084,-0.4250965025587132,-0.11527778897065123
17198,-0.6853461280235285,-0.16525873616450468,-0.15098382798661208
17201,-0.38535404868242773,-0.4250965025587132,-0.19577804956952702
17203,-0.5653492962870882,0.2244979134268081,0.1682278714189601
17204,0.8246140046600119,-0.03533985296740041,-0.05388664267789519
17205,-0.38535404868242773,-0.4250965025587132,-0.18528183871755188
17206,-0.39535378466046445,-0.4250965025587132,-0.20529921474744806
17211,-0.6553469200894184,0.4843356798210166,0.02988937068210073
17212,1.6045934109468738,-0.4250965025587132,-0.20278257288781756
17213,-0.5253503523749414,0.35441679662391234,0.08153673862934348
17214,-0.3253556328142076,0.2244979134268081,-0.11014544239181163
17217,1.4145984273641767,-0.4250965025587132,-0.21539917416110899
17218,-0.8853408475842623,0.7441734462152251,-0.010765359049436084
17219,-0.6053482401992349,-0.4250965025587132,-0.21531792035493783
17220,-0.6853461280235285,1.2638489790036422,0.12676282975738745
17221,-0.8553416396501522,-0.2951776193616089,-0.19080264527383997
17222,-0.2753569529240241,-0.4250965025587132,-0.1914515626573714
17223,2.1745783616949654,-0.2951776193616089,-0.18162986970320083
17226,2.1645786257169286,-0.4250965025587132,-0.18423444376403028
17227,-0.7353448079137119,0.2244979134268081,-0.1234799711305881
17228,-0.7653440158478221,0.4843356798210166,-0.015872105114002586
17229,0.03463486239511329,-0.2951776193616089,-0.19255238477111516
17230,1.7145905067052774,0.4843356798210166,0.176946516127711
17231,-0.8053429597599688,0.7441734462152251,0.11976943709747649
17232,-0.8953405835622991,-0.2951776193616089,-0.18153191990946022
17233,-0.5753490322651249,-0.4250965025587132,-0.20678627070696437
17234,0.9046118924843054,-0.4250965025587132,-0.21134872757676781
17235,-0.6753463920454919,-0.2951776193616089,-0.16680717193907008
17236,-0.7953432237819321,0.2244979134268081,-0.12606117080882037
17237,-0.8153426957380054,-0.2951776193616089,-0.1930054025671654
17238,-0.8953405835622991,1.653605628594955,0.18592784437422083
17239,2.2045775696290755,-0.4250965025587132,-0.18545770311994977
17242,0.1546316941315536,-0.2951776193616089,-0.10169504655000937
17243,-0.9153400555183724,2.8228755773688934,0.7225313195261783
17244,-0.39535378466046445,-0.4250965025587132,-0.12174581455504438
17245,1.1246060840011127,-0.4250965025587132,-0.2089489576301232
17247,-0.7753437518258587,-0.4250965025587132,-0.19685661036651156
17248,0.2746285258679939,-0.4250965025587132,-0.1925646284953327
17250,-0.8853408475842623,-0.2951776193616089,-0.1855166956093617
17251,2.7045643685309098,-0.4250965025587132,-0.19799861591625983
17252,0.24462931793388382,-0.2951776193616089,-0.1891964912696618
17253,-0.7453445438917486,-0.4250965025587132,-0.20819095979447155
17254,-0.8753411116062256,-0.2951776193616089,-0.19784723896229708
17255,-0.5153506163969047,-0.2951776193616089,-0.19558882837707361
17256,0.1446319581535169,-0.2951776193616089,-0.20131889131089842
17259,0.5546211332530212,-0.2951776193616089,-0.16333774572214466
17262,-0.4053535206385011,0.09457903022970385,-0.08852525155525115
17263,1.1546052919352228,-0.4250965025587132,-0.2209711817459433
17265,0.46462350945069103,-0.2951776193616089,-0.16681273726825988
17266,-0.9053403195403357,-0.16525873616450468,-0.19502116479971335
17267,0.3446266777142507,-0.2951776193616089,-0.1927260230418371
17268,0.1546316941315536,-0.03533985296740041,-0.1430343117718924
17272,-0.505350880418868,-0.03533985296740041,0.011124193719911041
17274,-0.5753490322651249,-0.4250965025587132,-0.21603139555707102
17277,1.3546000114959567,-0.2951776193616089,-0.10945200237476174
17278,1.4845965792104336,-0.4250965025587132,-0.2006465995447698
17279,-0.345355104770281,-0.4250965025587132,-0.20712575578754258
17282,0.3746258856483608,-0.16525873616450468,-0.040429676696942946
17284,-0.3253556328142076,0.2244979134268081,-0.04465710074952001
17286,-0.7053455999796019,-0.4250965025587132,-0.21118399383274952
17287,-0.6653466560674551,0.35441679662391234,-0.11126518662480071
17288,-0.8353421676940789,0.35441679662391234,-0.0702409190350607
17289,-0.6053482401992349,-0.16525873616450468,-0.12440381577609601
17290,-0.8853408475842623,-0.2951776193616089,-0.17093108086871672
17291,2.154578889738892,-0.4250965025587132,-0.16672480506706092
17293,-0.8453419036721156,0.6142545630181209,-0.021663386668915277
17295,-0.6353474481333451,-0.16525873616450468,-0.16714777008548623
17297,-0.7553442798697854,-0.4250965025587132,-0.21376519351098178
17298,0.08463354228529675,-0.2951776193616089,-0.17255504392630225
17299,-0.8053429597599688,-0.03533985296740041,-0.1549474554355923
17301,-0.7153453359576386,-0.4250965025587132,-0.20986278468308944
17302,-0.7753437518258587,0.09457903022970385,-0.10162937566556964
17303,2.684564896574836,-0.4250965025587132,-0.20020137320958528
17306,-0.8153426957380054,1.9134433949891636,0.7326891583634132
17309,0.0246351264170766,-0.4250965025587132,-0.21882185161284
17311,-0.14536038520954717,-0.2951776193616089,-0.0738895488518979
17312,0.46462350945069103,-0.16525873616450468,-0.15631763948212268
17313,-0.6153479761772717,-0.4250965025587132,0.031182753185811807
17314,-0.6753463920454919,0.4843356798210166,0.05334166788794555
17315,-0.9053403195403357,4.381902175734145,0.4711097819158018
17317,-0.4653519365067213,-0.16525873616450468,0.061402490686461364
17320,0.07463380630726006,-0.16525873616450468,-0.0943955607846591
17321,-0.8453419036721156,-0.2951776193616089,-0.15488623681450445
17323,-0.7753437518258587,0.35441679662391234,-0.1271308270791012
17324,-0.7453445438917486,-0.03533985296740041,-0.11823075263876258
17325,1.8745862823538646,-0.4250965025587132,-0.2172579941105044
17329,-0.7853434878038954,-0.2951776193616089,-0.16980688437237576
17330,-0.6953458640015652,-0.2951776193616089,-0.18752800557855778
17331,0.31462746978014067,-0.4250965025587132,-0.2085315579408877
17333,-0.06536249738525363,-0.4250965025587132,-0.17301919238073213
17334,2.0945804738706717,-0.2951776193616089,-0.19385912406488173
17337,0.5846203411871314,-0.03533985296740041,-0.007527450526806643
17338,-0.7553442798697854,0.4843356798210166,0.4947412827215585
17339,0.014635390439039907,-0.2951776193616089,-0.2009449011893434
17340,-0.6253477121553084,0.8740923294123294,1.146970037120937
17341,0.6446187570553514,-0.16525873616450468,-0.15208910236370765
17343,2.624566480706616,-0.4250965025587132,-0.20647906453568707
17344,-0.4653519365067213,-0.4250965025587132,-0.2104883276840237
17345,-0.7753437518258587,-0.03533985296740041,-0.17018755288895854
17346,-0.8853408475842623,1.3937678622007466,0.06391134108522616
17347,-0.06536249738525363,-0.4250965025587132,-0.2025477159960077
17348,-0.7753437518258587,0.09457903022970385,-0.09929527660336479
17349,0.8646129485721586,-0.4250965025587132,-0.217096599564
17350,-0.8453419036721156,-0.03533985296740041,-0.08541311947231132
17351,-0.5653492962870882,-0.16525873616450468,-0.16267881074607154
17353,0.3646261496703241,-0.2951776193616089,-0.03435901561670197
17354,-0.4153532566165378,-0.4250965025587132,-0.07297572179893165
17356,2.1945778336510386,-0.4250965025587132,-0.20819541205782338
17357,-0.6853461280235285,-0.2951776193616089,-0.1852473336765751
17358,2.1045802098487085,-0.2951776193616089,-0.18787194292248785
17359,-0.8153426957380054,-0.4250965025587132,-0.21380081161779657
17360,-0.7553442798697854,-0.16525873616450468,-0.1647836182456564
17361,-0.4353527285726112,-0.16525873616450468,-0.17369259721269872
17362,1.4645971072543602,-0.2951776193616089,-0.1932792167633039
17364,-0.9153400555183724,0.8740923294123294,0.26869319395334795
17365,-0.7953432237819321,0.4843356798210166,0.30260608390435306
17367,1.4545973712763234,-0.4250965025587132,-0.2093830533069281
17368,-0.6953458640015652,0.4843356798210166,-0.018901870324933272
17370,-0.1953590650997306,-0.03533985296740041,-0.17836969986381213
17371,-0.7553442798697854,-0.16525873616450468,-0.18146179676166865
17372,-0.5153506163969047,0.4843356798210166,-0.07919553370145944
17373,-0.5253503523749414,-0.03533985296740041,-0.1560260162325768
17374,1.2646023876936263,-0.2951776193616089,-0.172850006373362
17375,1.0646076681328924,-0.16525873616450468,-0.18349870724513787
17376,-0.215358537055804,-0.2951776193616089,-0.20541497359459604
17377,-0.6853461280235285,2.043362278186268,0.2236852637295444
17379,-0.8153426957380054,-0.4250965025587132,-0.18465406958494168
17381,-0.8353421676940789,3.212632226960206,2.0287764120607013
17382,-0.2753569529240241,-0.4250965025587132,-0.2207530208417029
17383,-0.8853408475842623,-0.4250965025587132,-0.2065068911816361
17384,-0.7353448079137119,-0.2951776193616089,-0.1905889366329514
17385,-0.7753437518258587,-0.4250965025587132,-0.19952574224594274
17386,-0.8453419036721156,0.2244979134268081,0.07098376141963231
17387,-0.7253450719356752,-0.2951776193616089,-0.1449076015771813
17388,-0.14536038520954717,-0.03533985296740041,-0.08783515073571514
17389,-0.9153400555183724,3.8622266429457275,3.315265699037249
17391,0.7146169089016083,-0.2951776193616089,-0.17139968158649843
17392,2.1445791537608554,-0.2951776193616089,-0.1815875732013583
17394,1.2646023876936263,-0.4250965025587132,-0.20534039818345265
17396,-0.5353500883529781,0.4843356798210166,0.5879338330707071
17397,-0.7053455999796019,-0.2951776193616089,-0.15218705215744827
17398,0.22462984597781044,-0.16525873616450468,-0.1553069757012538
17400,0.33462694173621405,0.09457903022970385,0.005470932328905553
17402,-0.8753411116062256,1.133930095806538,0.06513237430946969
17403,-0.5653492962870882,-0.4250965025587132,-0.19865643782649497
17404,-0.8853408475842623,1.3937678622007466,3.323406662576098
17405,-0.9153400555183724,-0.16525873616450468,-0.11322974782880241
17406,2.4045722891898094,-0.16525873616450468,0.015107856353974564
17408,0.7046171729235716,-0.4250965025587132,-0.22439831146102618
17409,0.9246113644403788,-0.2951776193616089,-0.1421204847189262
17410,-0.7653440158478221,0.09457903022970385,-0.09282613795313364
17411,-0.8053429597599688,-0.16525873616450468,-0.1413313210398116
17412,-0.8953405835622991,0.35441679662391234,-0.08800211061140933
17414,-0.4853514084627947,-0.2951776193616089,-0.14143594922857997
17415,-0.1253609132534738,-0.4250965025587132,-0.1715065359069427
17416,-0.6253477121553084,0.35441679662391234,0.5392505594499553
17418,-0.505350880418868,-0.2951776193616089,-0.17644632209581498
17419,-0.8153426957380054,1.0040112126094336,0.2424125964532434
17420,-0.42535299259457454,-0.16525873616450468,-0.16137874984733275
17422,-0.7653440158478221,0.2244979134268081,-0.007715558653422111
17423,-0.4653519365067213,-0.2951776193616089,-0.15029484023291403
17425,-0.7353448079137119,-0.2951776193616089,-0.1435318522014611
17426,-0.8453419036721156,0.2244979134268081,0.33264773087092886
17427,-0.2053588010777673,-0.4250965025587132,-0.21681276777531985
17428,-0.9153400555183724,3.082713343763102,1.6927685491602926
17429,0.3546264136922874,-0.16525873616450468,-0.1696054194557048
17430,-0.5953485042211982,-0.2951776193616089,-0.1984516337123101
17431,2.2045775696290755,-0.4250965025587132,-0.18314252617699026
17432,-0.7453445438917486,-0.2951776193616089,-0.187320975332697
17433,-0.04536302542918024,-0.4250965025587132,-0.1942887674783348
17434,-0.9053403195403357,0.35441679662391234,0.03618932332496178
17436,-0.9053403195403357,-0.2951776193616089,-0.20395685734686675
17438,1.6145931469249106,-0.4250965025587132,-0.18479542894636278
17440,0.6446187570553514,-0.16525873616450468,-0.2072826980706951
17442,-0.5553495603090515,0.2244979134268081,0.022247060638658393
17443,1.274602123671663,-0.4250965025587132,-0.16856804209472484
17444,0.5546211332530212,-0.16525873616450468,0.09921333720200703
17446,0.8446134766160853,-0.2951776193616089,-0.2145755054410176
17447,-0.5253503523749414,-0.2951776193616089,-0.16775661709885106
17449,-0.9053403195403357,0.35441679662391234,0.05237218754308125
17450,-0.8453419036721156,5.421253241310978,21.40894228490913
17451,-0.9153400555183724,0.35441679662391234,-0.03642931807531
17453,-0.7453445438917486,-0.2951776193616089,-0.173857330956717
17454,0.9946095162866356,-0.03533985296740041,-0.1704279751099582
17455,1.114606348023076,-0.4250965025587132,-0.2133733943360194
17456,2.724563840486983,-0.4250965025587132,-0.20022140839466857
17457,0.3446266777142507,0.09457903022970385,-0.03461502075943307
17458,-0.7753437518258587,-0.4250965025587132,-0.19280393765049442
17459,-0.49535114444083134,-0.2951776193616089,-0.15487065389277296
17460,0.014635390439039907,0.2244979134268081,-0.15875191446974407
17461,-0.6953458640015652,-0.16525873616450468,-0.14613086093310074
17462,-0.3253556328142076,-0.2951776193616089,-0.15282372581676212
17463,-0.7653440158478221,0.09457903022970385,-0.019236903142159627
17464,0.6546184930333881,-0.4250965025587132,-0.1957580143844437
17466,-0.8253424317160422,-0.2951776193616089,-0.143074382142059
17468,-0.8253424317160422,-0.2951776193616089,-0.2127834694418999
17469,-0.7653440158478221,0.09457903022970385,-0.019781192336922694
17470,-0.47535167248475796,0.09457903022970385,-0.10280477319045679
17472,0.984609780308599,-0.16525873616450468,-0.15039167696081668
17475,-0.13536064923151048,-0.4250965025587132,-0.2063978107295159
17480,-0.14536038520954717,-0.4250965025587132,-0.1710635357034341
17481,-0.8853408475842623,-0.03533985296740041,-0.08827703787338578
17483,-0.2753569529240241,-0.16525873616450468,-0.1819470934670198
17486,1.6845912987711673,-0.4250965025587132,-0.18385822751079936
17489,-0.3353553687922443,-0.2951776193616089,-0.18610995970099511
17490,-0.9153400555183724,0.35441679662391234,0.0048565199863509125
17491,-0.9153400555183724,0.7441734462152251,0.16809319045256677
17492,1.5545947310566903,-0.4250965025587132,-0.18634036432945308
17495,-0.8453419036721156,-0.2951776193616089,-0.17265076758836695
17496,2.664565424618763,-0.4250965025587132,-0.19786282188402857
17498,-0.16535985716562054,-0.4250965025587132,-0.19773259318098707
17499,1.9745836421342315,-0.4250965025587132,-0.1587018265070358
17500,-0.7553442798697854,-0.16525873616450468,-0.10136557906197281
17501,1.2846018596496998,-0.2951776193616089,-0.19590939133840646
17502,-0.8353421676940789,-0.03533985296740041,-0.151331104528056
17503,-0.8953405835622991,-0.2951776193616089,-0.1658165433432845
17504,1.1346058199791493,0.6142545630181209,0.10555669941254857
17505,0.6946174369455349,-0.2951776193616089,-0.10049293544501116
17506,-0.16535985716562054,-0.4250965025587132,-0.19439562179877906
17507,1.6945910347492041,-0.2951776193616089,-0.16062743040670888
17508,1.8845860183319012,-0.4250965025587132,-0.1849223184518904
17509,-0.345355104770281,0.4843356798210166,0.4491167140235244
17510,-0.6753463920454919,-0.4250965025587132,-0.19369661645253938
17511,-0.8953405835622991,3.4724699933544145,9.907809958723151
17512,-0.6353474481333451,0.7441734462152251,0.09753817311587525
17513,-0.2053588010777673,-0.4250965025587132,-0.17090993261779544
17514,0.3546264136922874,-0.4250965025587132,-0.20480835271290712
17515,-0.6153479761772717,-0.03533985296740041,-0.15690533824456626
17516,-0.7753437518258587,0.09457903022970385,-0.1428962916079852
17517,2.1645786257169286,-0.4250965025587132,-0.21089793591239345
17519,-0.7553442798697854,0.2244979134268081,-0.022780904770228427
17520,-0.38535404868242773,-0.4250965025587132,-0.16716891833640748
17521,-0.6253477121553084,-0.16525873616450468,-0.14753443695476998
17522,-0.9053403195403357,0.09457903022970385,-0.10885539908561447
17523,-0.8153426957380054,-0.03533985296740041,-0.15537821191488332
17524,2.684564896574836,-0.4250965025587132,-0.21189301677153086
17525,2.6745651605967997,-0.4250965025587132,-0.1809831784513453
17526,-0.8753411116062256,-0.03533985296740041,-0.09492092786017682
17527,-0.38535404868242773,-0.03533985296740041,-0.12347440580139832
17528,-0.9153400555183724,0.4843356798210166,0.17584346788229138
17530,-0.9153400555183724,0.7441734462152251,0.035443569213527676
17531,0.9746100443305623,-0.4250965025587132,-0.1950078080096578
17534,-0.38535404868242773,-0.4250965025587132,-0.20317103286526603
17535,1.8745862823538646,-0.4250965025587132,-0.20973366904588592
17536,0.8446134766160853,-0.4250965025587132,-0.21951751776156583
17537,-0.6253477121553084,-0.2951776193616089,-0.12922895618365826
17538,-0.6653466560674551,-0.4250965025587132,-0.21707767744475465
17540,-0.6753463920454919,-0.2951776193616089,-0.16359709006238962
17542,1.7745889225734977,-0.4250965025587132,-0.2090268722387805
17545,-0.49535114444083134,-0.16525873616450468,-0.156538026518039
17548,1.4145984273641767,-0.4250965025587132,-0.21653450131582955
17549,-0.6853461280235285,-0.2951776193616089,-0.2114633733580778
17550,1.0446081961768192,-0.16525873616450468,-0.1982958044949955
17551,2.664565424618763,-0.4250965025587132,-0.1957157178826012
17552,-0.3253556328142076,-0.03533985296740041,-0.12447171279221166
17553,0.3746258856483608,-0.4250965025587132,-0.06245279736684543
17554,-0.9153400555183724,0.09457903022970385,-0.01071193188921394
17555,-0.7253450719356752,-0.2951776193616089,-0.1745708061588502
17556,1.1346058199791493,-0.4250965025587132,-0.21045716184056076
17557,-0.7853434878038954,-0.16525873616450468,-0.16776440855971678
17560,0.0246351264170766,-0.03533985296740041,-0.1328709076054677
17561,-0.7353448079137119,-0.4250965025587132,-0.20965352830555273
17562,-0.7853434878038954,0.35441679662391234,-0.10310418790086837
17564,-0.6853461280235285,-0.16525873616450468,-0.17749816931268844
17566,-0.8453419036721156,-0.2951776193616089,-0.13122134403360902
17567,-0.8553416396501522,0.4843356798210166,0.25408977015929546
17569,2.3945725532117725,-0.4250965025587132,-0.18972742367436937
17571,-0.42535299259457454,-0.03533985296740041,-0.06934601410133981
17572,-0.215358537055804,-0.03533985296740041,-0.20279370354619716
17573,-0.6353474481333451,-0.16525873616450468,-0.18566918562916243
17574,1.5045960511665069,-0.4250965025587132,-0.20736840414021812
17576,-0.8453419036721156,1.9134433949891636,0.1687565776919917
17578,1.2546026517155897,-0.4250965025587132,-0.21206442891057692
17579,-0.8753411116062256,-0.16525873616450468,-0.17806694595588665
17580,1.6045934109468738,-0.16525873616450468,-0.20402141516546848
17581,-0.9153400555183724,2.692956694171789,0.9991493285104851
17582,1.4345978993202502,-0.4250965025587132,-0.208523766480022
17584,-0.8553416396501522,-0.2951776193616089,-0.08975630237203636
17585,0.16463143010959028,-0.03533985296740041,-0.10373863542850632
17588,0.07463380630726006,-0.16525873616450468,-0.08999004619800823
17589,-0.3253556328142076,-0.03533985296740041,0.039567478143174344
17590,-0.9053403195403357,-0.16525873616450468,-0.06463218027757367
17591,-0.1953590650997306,0.35441679662391234,0.017250508092050088
17593,-0.8853408475842623,0.09457903022970385,0.20871898047231663
17594,-0.07536223336329032,-0.2951776193616089,-0.11748499852732852
17595,-0.8053429597599688,-0.2951776193616089,-0.18499132853384398
17596,-0.6953458640015652,0.35441679662391234,0.08437060425279298
17597,1.2146037078034428,-0.4250965025587132,-0.00048063070667359763
17600,-0.7453445438917486,-0.4250965025587132,-0.21003753601964936
17601,1.4645971072543602,-0.4250965025587132,-0.2151197946357807
17602,-0.9053403195403357,0.2244979134268081,0.33455775184887043
17603,-0.14536038520954717,-0.4250965025587132,-0.18409753666596104
17604,1.2446029157375529,-0.2951776193616089,-0.19359866665879877
17608,-0.5953485042211982,-0.2951776193616089,-0.20666272039895067
17609,-0.5153506163969047,0.09457903022970385,-0.10495187719188416
17611,-0.8553416396501522,1.3937678622007466,0.21286626378456044
17612,-0.39535378466046445,0.2244979134268081,-2.649984478539138e-05
17613,-0.6953458640015652,1.2638489790036422,0.2778058639687372
17614,-0.3553548407483177,-0.4250965025587132,-0.18503251196984855
17615,0.3746258856483608,-0.16525873616450468,-0.1913458214027651
17616,0.8146142686819752,-0.16525873616450468,-0.16445415075761985
17618,-0.8653413756281889,-0.16525873616450468,-0.12448618264810514
17619,2.1945778336510386,-0.4250965025587132,-0.20417167905359326
17620,-0.3253556328142076,-0.4250965025587132,-0.21896766323761294
17621,-0.7153453359576386,-0.16525873616450468,-0.07444051644168873
17623,-0.5953485042211982,-0.4250965025587132,-0.16936833643221905
17624,-0.7753437518258587,-0.2951776193616089,-0.13414759412160931
17625,-0.7453445438917486,-0.03533985296740041,-0.0031486495202668347
17628,-0.11536117727543709,-0.4250965025587132,-0.21960099769941294
17629,-0.8653413756281889,0.4843356798210166,-0.026108971625732755
17630,0.7746153247698284,-0.2951776193616089,-0.17197847582223832
17631,-0.9053403195403357,-0.16525873616450468,-0.16922586400495998
17633,-0.6153479761772717,-0.03533985296740041,-0.08056905694550372
17634,-0.5653492962870882,0.6142545630181209,0.0344941240537467
17636,-0.7353448079137119,-0.4250965025587132,-0.1962477633531467
17637,-0.6153479761772717,-0.2951776193616089,-0.16714109169045846
17639,1.8345873384417177,-0.4250965025587132,-0.21595570708008965
17640,-0.05536276140721694,-0.4250965025587132,-0.1588376205392671
17642,0.2746285258679939,-0.2951776193616089,-0.14874990484982373
17643,2.8045617283112767,-0.4250965025587132,-0.21672928783747278
17644,-0.9153400555183724,0.8740923294123294,0.09427132488145881
17646,1.2646023876936263,-0.16525873616450468,-0.11579202538778936
17647,-0.2753569529240241,-0.4250965025587132,-0.21322201738205668
17648,-0.31535589683617093,-0.03533985296740041,-0.02795888704842444
17649,0.4546237734726543,-0.4250965025587132,-0.13136381646086806
17650,-0.7153453359576386,-0.4250965025587132,-0.20954667398510843
17651,-0.8053429597599688,0.7441734462152251,0.21107200165376683
17652,-0.6753463920454919,1.0040112126094336,0.3137768126541328
17653,-0.5553495603090515,-0.03533985296740041,-0.09362309309311395
17654,1.8445870744197546,-0.4250965025587132,-0.21494838249673467
17655,-0.8153426957380054,0.35441679662391234,0.06569892482099202
17656,-0.1953590650997306,0.09457903022970385,-0.04162844860442728
17658,-0.6653466560674551,-0.2951776193616089,-0.16175830529807755
17659,-0.7553442798697854,1.0040112126094336,0.10582717441117315
17660,0.4846229814067644,-0.4250965025587132,-0.20813641956841145
17663,-0.6653466560674551,0.35441679662391234,-0.02735671843008736
17664,-0.7353448079137119,-0.2951776193616089,-0.16073205859547723
17666,-0.8853408475842623,-0.2951776193616089,-0.14698346936497914
17667,-0.26535721694598746,0.09457903022970385,0.0007593246368153378
17668,-0.9153400555183724,-0.2951776193616089,-0.1893256069068653
17669,-0.49535114444083134,0.35441679662391234,0.1511578937279854
17670,1.3546000114959567,-0.4250965025587132,-0.2051367071351057
17671,-0.7653440158478221,-0.03533985296740041,-0.05297949401995672
17672,-0.42535299259457454,-0.2951776193616089,0.1257187740013797
17673,-0.9053403195403357,0.2244979134268081,-0.050501809464654844
17674,-0.18535932912169392,-0.2951776193616089,-0.16669809148694986
17675,-0.9153400555183724,3.4724699933544145,2.0397590326838655
17676,-0.8853408475842623,0.2244979134268081,-0.07541110985239098
17677,-0.9053403195403357,3.34255111015731,1.5913159372276333
17678,1.7145905067052774,-0.4250965025587132,-0.19485086572650523
17679,-0.39535378466046445,-0.2951776193616089,-0.006297512775859401
17680,-0.6853461280235285,-0.4250965025587132,-0.2075075373699633
17682,-0.8253424317160422,0.2244979134268081,0.04737674806231088
17684,-0.4853514084627947,-0.4250965025587132,-0.20138456219533812
17685,-0.7553442798697854,0.35441679662391234,0.12323218491937414
17686,-0.8553416396501522,0.35441679662391234,0.41080721401257203
17690,-0.6253477121553084,1.3937678622007466,0.298091488865582
17691,2.654565688640726,-0.2951776193616089,-0.19570903948757343
17692,0.3446266777142507,-0.03533985296740041,-0.14556097122406458
17693,0.44462403749461765,-0.4250965025587132,-0.20571884056835948
17694,0.4946227173848011,-0.4250965025587132,-0.19651935141760926
17695,0.3946253576044342,-0.2951776193616089,-0.14284509057943898
17696,-0.5453498243310149,0.4843356798210166,0.026382100226684666
17697,1.4345978993202502,-0.4250965025587132,-0.19030510484427127
17698,1.6845912987711673,-0.4250965025587132,-0.21078551626275935
17700,-0.7553442798697854,-0.03533985296740041,0.05408964813105553
17701,1.6045934109468738,-0.4250965025587132,-0.1815118847243769
17702,-0.6253477121553084,-0.03533985296740041,-0.024968079141822412
17703,-0.5753490322651249,-0.16525873616450468,-0.13912745068064822
17704,0.7646155887917918,-0.2951776193616089,-0.12950499651147268
17705,-0.8953405835622991,0.6142545630181209,-0.025062689738049114
17706,-0.8853408475842623,1.653605628594955,0.9411864249986499
17707,0.9246113644403788,-0.2951776193616089,-0.21106934805143948
17708,0.9546105723744889,-0.2951776193616089,-0.1987221087109347
17709,0.7746153247698284,-0.4250965025587132,-0.21273338147919166
17711,-0.8153426957380054,-0.2951776193616089,-0.18516830600207984
17712,-0.47535167248475796,-0.4250965025587132,-0.16982914568913504
17714,2.2845754574533688,-0.4250965025587132,-0.21100256410116183
17715,1.0846071400889659,-0.4250965025587132,-0.1917020024709127
17716,-0.6953458640015652,0.8740923294123294,0.40151645346310894
17718,1.3945989554081033,-0.4250965025587132,-0.21252189896997903
17719,-0.5453498243310149,1.3937678622007466,0.3725823070053047
17720,-0.6653466560674551,-0.03533985296740041,-0.09491647559682498
17722,0.03463486239511329,-0.03533985296740041,0.041779139963203454
17723,0.3446266777142507,0.2244979134268081,0.13665241972767367
17724,-0.215358537055804,-0.16525873616450468,-0.11305277036056656
17725,-0.7653440158478221,0.8740923294123294,0.15475977477962824
17727,-0.7753437518258587,-0.4250965025587132,-0.110019665952122
17728,-0.8853408475842623,-0.16525873616450468,0.0920863766415408
17730,-0.8953405835622991,1.133930095806538,0.3617232366901541
17731,-0.13536064923151048,-0.03533985296740041,-0.0900000637905499
17732,2.8045617283112767,-0.4250965025587132,-0.19419860914545992
17733,-0.5353500883529781,-0.2951776193616089,-0.15098716718412597
17734,-0.38535404868242773,-0.16525873616450468,-0.1500477396168866
17735,-0.9053403195403357,1.9134433949891636,1.231199068276983
17736,-0.8353421676940789,-0.16525873616450468,-0.18602091443395818
17737,-0.8353421676940789,-0.2951776193616089,-0.20930625176410877
17738,-0.7353448079137119,-0.03533985296740041,-0.01888183513984996
17739,-0.8053429597599688,0.35441679662391234,0.08266316125736031
17742,0.20463037402173703,-0.2951776193616089,-0.18850639045012577
17744,-0.8853408475842623,0.2244979134268081,0.030465938786164718
17746,1.4745968432323968,-0.4250965025587132,-0.21576092055844642
17747,0.20463037402173703,-0.4250965025587132,-0.2200851813389261
17749,0.854613212594122,-0.2951776193616089,-0.1529539545198036
17750,-0.8753411116062256,0.6142545630181209,-0.03764812516787763
17752,2.664565424618763,-0.4250965025587132,-0.21905670850464984
17754,-0.9153400555183724,0.09457903022970385,-0.04274596670574043
17757,-0.9153400555183724,3.34255111015731,0.3945486613174712
17758,-0.7353448079137119,0.4843356798210166,0.1513226274720037
17759,-0.7553442798697854,-0.16525873616450468,-0.1367655249724943
17760,-0.7053455999796019,-0.2951776193616089,-0.19602181098804056
17761,-0.5953485042211982,-0.4250965025587132,-0.14869536462376362
17763,1.7045907707272407,-0.4250965025587132,-0.2263628726650279
17764,-0.4153532566165378,-0.2951776193616089,-0.14204257011026888
17765,0.6646182290114249,-0.16525873616450468,-0.1871128320209982
17767,-0.7753437518258587,-0.4250965025587132,-0.19784612589645914
17768,-0.8453419036721156,-0.16525873616450468,0.00369670538319522
17769,-0.7953432237819321,0.7441734462152251,0.2124555424903527
17770,1.0646076681328924,0.09457903022970385,-0.1007789933653672
17771,-0.3553548407483177,-0.2951776193616089,-0.2006722000590429
17772,-0.8153426957380054,-0.2951776193616089,-0.20872634446253094
17774,0.04463459837314998,-0.03533985296740041,-0.09293633147109182
17775,1.6245928829029472,-0.4250965025587132,-0.22175478009586808
17777,-0.6753463920454919,-0.16525873616450468,-0.1559547800189473
17779,-0.7153453359576386,-0.16525873616450468,-0.15564757384766995
17781,0.6646182290114249,-0.2951776193616089,-0.20710460753662133
17783,-0.2053588010777673,-0.2951776193616089,-0.1964803941132806
17785,-0.39535378466046445,-0.4250965025587132,-0.21334668075590835
17786,-0.07536223336329032,-0.2951776193616089,-0.19833030953597233
17787,0.6046198131432047,-0.03533985296740041,-0.025728303109149978
17788,-0.18535932912169392,-0.2951776193616089,-0.10360284139627504
17789,1.8845860183319012,-0.4250965025587132,-0.20288831414242386
17790,-0.6553469200894184,1.2638489790036422,-0.009392948871229798
17791,-0.6253477121553084,-0.4250965025587132,-0.21622284288120036
17793,-0.6753463920454919,-0.4250965025587132,-0.1946026520446399
17795,0.8746126845501954,-0.2951776193616089,-0.1898732352991423
17796,-0.5253503523749414,-0.03533985296740041,-0.15123092860263948
17797,-0.7053455999796019,-0.16525873616450468,-0.14116547422995537
17799,-0.7053455999796019,0.7441734462152251,0.11024715885371751
17800,-0.5553495603090515,0.6142545630181209,-0.0958881820733652
17802,-0.1053614412974004,-0.16525873616450468,-0.08499905898058972
17805,-0.18535932912169392,-0.4250965025587132,-0.171008995477374
17806,-0.8153426957380054,-0.4250965025587132,-0.1672546244059305
17809,-0.7653440158478221,1.0040112126094336,0.37434874249014927
17811,-0.8853408475842623,4.511821058931249,0.6359091968185153
17812,-0.7953432237819321,-0.03533985296740041,-0.15013901101559946
17813,-0.7853434878038954,0.09457903022970385,-0.03902610067527375
17816,-0.5553495603090515,-0.03533985296740041,-0.22396310271838332
17817,-0.8853408475842623,-0.16525873616450468,-0.1848811350158858
17819,-0.2053588010777673,0.35441679662391234,0.18434395168680187
17824,-0.4153532566165378,-0.4250965025587132,-0.19481858681720438
17827,-0.8753411116062256,0.09457903022970385,-0.006829558246404905
17828,-0.6953458640015652,-0.03533985296740041,-0.02544447132046985
17829,2.0645812659365617,-0.4250965025587132,-0.12905420484709834
17830,-0.9053403195403357,-0.16525873616450468,-0.18365453646245244
17831,-0.5953485042211982,-0.4250965025587132,-0.22409221835558682
17832,-0.42535299259457454,-0.4250965025587132,-0.210738767497565
17835,-0.8953405835622991,-0.16525873616450468,-0.189938906183582
17836,-0.4553522005286846,-0.4250965025587132,-0.21576537282179825
17837,-0.505350880418868,0.4843356798210166,-0.05648342527785892
17838,-0.6553469200894184,0.09457903022970385,0.07481048177054331
17839,-0.505350880418868,-0.4250965025587132,-0.19262028178723078
17841,-0.9053403195403357,15.554926130685109,4.28209249494385
17843,2.1045802098487085,-0.4250965025587132,-0.20516119458354087
17844,0.1446319581535169,-0.4250965025587132,-0.22229350396144135
17846,-0.07536223336329032,-0.4250965025587132,-0.0017350559060559916
17848,-0.11536117727543709,0.6142545630181209,-0.12772297810489663
17849,1.2546026517155897,-0.03533985296740041,-0.1606029429582737
17850,2.79456199233324,3.8622266429457275,0.3720446962055694
17852,-0.8053429597599688,-0.2951776193616089,-0.21530567663072026
17854,0.9246113644403788,-0.2951776193616089,-0.19338718414958614
17855,2.8045617283112767,-0.4250965025587132,-0.20477273460609235
17856,-0.9053403195403357,-0.03533985296740041,-0.07019639640154227
17857,-0.8853408475842623,2.4331189277775804,2.7637816466975864
17858,-0.8653413756281889,1.0040112126094336,0.34415683163544875
17859,2.1245796818047817,-0.4250965025587132,-0.21223584104962295
17860,2.76456278439913,-0.4250965025587132,-0.202827095521336
17861,-0.8953405835622991,0.4843356798210166,0.005475384592257395
17862,2.314574665387479,-0.4250965025587132,-0.19120112284383012
17863,-0.3353553687922443,0.2244979134268081,0.12369633337380401
17864,-0.7953432237819321,-0.16525873616450468,-0.1662740134026866
17865,-0.6153479761772717,2.043362278186268,0.9436162477229194
17866,0.5046224533628378,-0.4250965025587132,-0.19134025607357527
17867,-0.6253477121553084,0.2244979134268081,-0.09915391724194371
17869,0.1446319581535169,0.09457903022970385,-0.18037321837214249
17870,-0.9053403195403357,1.0040112126094336,-0.02034662978260703
17871,1.1246060840011127,-0.4250965025587132,-0.21067977500815302
17873,-0.1253609132534738,0.09457903022970385,-0.022231050246275533
17874,0.9246113644403788,0.2244979134268081,-0.15195887366066618
17877,0.7746153247698284,-0.4250965025587132,-0.20158491404617115
17878,-0.4853514084627947,-0.4250965025587132,-0.18579718820052796
17879,0.8146142686819752,-0.4250965025587132,-0.20816202008268456
17880,2.724563840486983,-0.4250965025587132,-0.17695165398624943
17881,2.114579945826745,-0.4250965025587132,-0.2131897384727558
17883,-0.8953405835622991,-0.03533985296740041,-0.15408705554284818
17884,-0.8853408475842623,-0.03533985296740041,-0.1506666042227931
17885,-0.8053429597599688,-0.4250965025587132,-0.21063080011128274
17886,-0.6053482401992349,-0.16525873616450468,-0.13127588425966913
17887,0.3646261496703241,-0.4250965025587132,-0.2156384833162707
17888,-0.7153453359576386,0.4843356798210166,-0.1483369574239401
17889,1.1946042358473694,-0.2951776193616089,-0.20561866464294298
17890,2.3045749294094424,-0.2951776193616089,-0.16270775045785857
17891,0.6946174369455349,-0.4250965025587132,-0.2053415112492906
17892,-0.36535457672635435,-0.16525873616450468,-0.2008625343173343
17893,1.3246008035618464,-0.4250965025587132,-0.21609929257318666
17894,-0.2053588010777673,0.4843356798210166,-0.10348485641745114
17895,-0.4853514084627947,-0.4250965025587132,-0.21740825799862915
17896,-0.6953458640015652,-0.4250965025587132,-0.19950236786334558
17897,0.8046145327039386,-0.16525873616450468,-0.16772545125538815
17898,-0.07536223336329032,-0.2951776193616089,-0.2111071922899302
17899,0.6646182290114249,-0.4250965025587132,-0.21083003889627783
17900,0.9746100443305623,-0.2951776193616089,-0.21554387272004397
17901,-0.6353474481333451,-0.4250965025587132,-0.2157464507025529
17904,-0.7153453359576386,-0.4250965025587132,-0.20787818829400442
17905,-0.215358537055804,-0.03533985296740041,-0.13909962403469917
17906,1.5445949950786537,-0.4250965025587132,-0.2199182214632319
17908,2.814561464289313,-0.4250965025587132,-0.20220600478375358
17911,-0.8353421676940789,-0.4250965025587132,-0.18726866123831282
17912,2.1745783616949654,0.09457903022970385,-0.1935207520501415
17913,-0.3353553687922443,-0.2951776193616089,-0.18254703595368094
17914,-0.8853408475842623,-0.4250965025587132,-0.19137253498287615
17917,-0.47535167248475796,-0.16525873616450468,-0.1907414266527521
17919,-0.04536302542918024,-0.4250965025587132,-0.08288423388846324
17920,-0.8853408475842623,1.653605628594955,0.23049500052619168
17921,-0.28535668890206084,-0.03533985296740041,-0.13673547219486934
17923,1.8945857543099378,-0.4250965025587132,-0.20493635528427268
17924,-0.8053429597599688,0.35441679662391234,0.10171328307406814
17925,2.8045617283112767,-0.4250965025587132,-0.20086476044901022
17926,0.4046250935824709,-0.2951776193616089,-0.183811478745605
17928,-0.47535167248475796,-0.2951776193616089,-0.20437537010194018
17929,-0.8153426957380054,-0.03533985296740041,-0.13420102128183145
17930,-0.5653492962870882,0.09457903022970385,-0.034305588456479824
17931,0.41462482956050756,-0.2951776193616089,-0.1825793148629818
17932,-0.6353474481333451,-0.16525873616450468,-0.07981996363655575
17934,-0.4053535206385011,-0.2951776193616089,-0.14964480978354464
17935,0.4546237734726543,-0.2951776193616089,-0.21180508457033193
17936,-0.8753411116062256,-0.4250965025587132,-0.18572149972354657
17937,-0.8353421676940789,0.35441679662391234,0.25072163293362465
17939,0.6746179649894616,-0.4250965025587132,-0.21699753670442143
17940,-0.4353527285726112,0.7441734462152251,0.21942444770182848
17941,0.3846256216263975,-0.4250965025587132,-0.1941329382610202
17942,-0.8453419036721156,-0.4250965025587132,-0.2194062111777697
17946,1.4045986913861401,-0.2951776193616089,-0.2113832326177446
17947,-0.5553495603090515,-0.4250965025587132,-0.20836682419686944
17948,0.5446213972749846,-0.4250965025587132,-0.18812238273602913
17949,-0.9153400555183724,5.2913343581138745,6.284569173649876
17950,-0.2053588010777673,-0.16525873616450468,-0.1743604367154755
17951,-0.5253503523749414,-0.16525873616450468,-0.11577532940021994
17954,-0.8753411116062256,1.0040112126094336,0.029545433338170717
17955,1.0646076681328924,-0.03533985296740041,-0.16600131227238607
17956,1.5645944670347272,-0.4250965025587132,-0.2266133124785692
17957,-0.26535721694598746,-0.4250965025587132,-0.21560175214361796
17958,0.24462931793388382,-0.4250965025587132,-0.1714375258249891
17960,0.7846150607478651,-0.4250965025587132,-0.2198202716694913
17961,-0.7153453359576386,4.511821058931249,-0.08373016392531382
17962,0.4946227173848011,-0.4250965025587132,-0.21663356417540808
17964,-0.6053482401992349,-0.2951776193616089,-0.17647414874176404
17965,-0.5453498243310149,1.2638489790036422,0.0612744881150958
17966,-0.5453498243310149,0.09457903022970385,-0.10576998058278571
17967,2.79456199233324,-0.4250965025587132,-0.21553608125917822
17968,2.814561464289313,-0.4250965025587132,-0.19852509605761554
17969,0.7346163808576817,-0.2951776193616089,-0.20263230899969276
17970,1.1846044998693328,-0.4250965025587132,-0.16539023912734532
17972,1.4945963151884702,-0.4250965025587132,-0.2129849343585709
17973,-0.4053535206385011,-0.4250965025587132,-0.1905177004193219
17974,-0.6753463920454919,-0.16525873616450468,-0.1496737494953316
17975,-0.7753437518258587,1.133930095806538,0.27098388344787233
17976,2.79456199233324,-0.4250965025587132,-0.19221512582221287
17977,-0.6353474481333451,-0.4250965025587132,-0.1959605923669527
17978,2.724563840486983,-0.4250965025587132,-0.19453809422603813
17979,-0.5653492962870882,-0.03533985296740041,-0.1465104163838456
17980,0.7346163808576817,-0.16525873616450468,-0.13771274400059938
17984,0.5246219253189112,-0.4250965025587132,-0.21103818220797657
17985,-0.7053455999796019,-0.4250965025587132,-0.15775905974228258
17986,-0.36535457672635435,-0.4250965025587132,-0.22571729447901034
17987,0.9246113644403788,-0.4250965025587132,-0.20593032307757214
17988,-0.8053429597599688,0.35441679662391234,-0.205646491288892
17990,1.4445976352982868,-0.16525873616450468,-0.15781582610001857
17991,1.3246008035618464,-0.2951776193616089,-0.21764200182460106
17994,0.2946279978240673,-0.03533985296740041,-0.15291277108379905
17995,1.8945857543099378,-0.4250965025587132,-0.2195620403950843
17997,-0.18535932912169392,0.4843356798210166,-0.00959775298541467
17999,-0.5553495603090515,-0.2951776193616089,-0.1856925600117596
18001,-0.8053429597599688,-0.2951776193616089,-0.181825769290682
18004,2.694564632552873,-0.4250965025587132,-0.21045493570888485
18005,-0.8853408475842623,-0.2951776193616089,-0.20282486938966007
18006,-0.6953458640015652,-0.4250965025587132,-0.17853665973950633
18008,-0.22535827303384068,0.6142545630181209,0.007513408141564547
18009,1.4245981633422133,-0.4250965025587132,-0.20049633565664504
18010,1.6445923548590207,-0.4250965025587132,-0.20857608057440616
18011,2.8045617283112767,-0.4250965025587132,-0.21659126767356557
18013,0.6246192850992781,-0.2951776193616089,-0.2071858613427925
18014,-0.6453471841113817,-0.4250965025587132,-0.20997631739856149
18015,-0.8853408475842623,-0.4250965025587132,-0.21467234216892025
18016,-0.6053482401992349,0.09457903022970385,-0.06355918480977896
18017,-0.11536117727543709,-0.16525873616450468,-0.16981912809659336
18018,0.1546316941315536,-0.2951776193616089,-0.2144374852771104
18019,-0.4053535206385011,-0.4250965025587132,-0.2237527332750086
18022,-0.5653492962870882,-0.4250965025587132,-0.1598327013984045
18024,0.6046198131432047,-0.2951776193616089,-0.18464739118991394
18027,0.06463407032922336,-0.4250965025587132,-0.215197709244438
18030,-0.8853408475842623,-0.2951776193616089,-0.20235960786939225
18032,2.4145720251678457,-0.4250965025587132,-0.21985143751295425
18033,-0.2753569529240241,-0.4250965025587132,-0.21758968773021686
18034,-0.7053455999796019,-0.2951776193616089,-0.18143063091820574
18035,-0.5653492962870882,-0.16525873616450468,-0.14857181431574992
18036,-0.6053482401992349,-0.16525873616450468,-0.18316256136207357
18037,0.6146195491212414,0.2244979134268081,-0.22023878442456477
18040,-0.7353448079137119,-0.2951776193616089,-0.18827375968999188
18041,-0.8053429597599688,2.1732811613833722,0.2280317858267833
18042,-0.38535404868242773,-0.4250965025587132,-0.20966131976641844
18043,-0.6753463920454919,-0.16525873616450468,-0.1691190096845157
18044,-0.8853408475842623,0.7441734462152251,0.004442459494629277
18045,-0.47535167248475796,-0.4250965025587132,-0.20818205526776787
18048,1.1046066120450393,-0.2951776193616089,-0.20885546009973446
18050,2.664565424618763,-0.4250965025587132,-0.21975126158753772
18053,-0.215358537055804,-0.4250965025587132,-0.19463827015145466
18055,-0.8553416396501522,0.7441734462152251,0.5245491858621623
18056,1.954584170178158,-0.4250965025587132,-0.18755583222450684
18058,-0.8253424317160422,-0.4250965025587132,-0.2090925431232202
18059,-0.6953458640015652,-0.16525873616450468,-0.19392145575180755
18061,-0.7053455999796019,0.7441734462152251,0.007871815341388066
18062,0.8046145327039386,-0.16525873616450468,-0.14783385166518156
18064,0.4046250935824709,-0.2951776193616089,-0.13742891221191925
18065,-0.8653413756281889,1.2638489790036422,0.038305261482926206
18066,-0.17535959314365723,-0.4250965025587132,-0.1926369777748002
18067,-0.5253503523749414,-0.4250965025587132,-0.18391833306604927
18068,1.9645839061561947,-0.4250965025587132,-0.21671259184990332
18069,-0.6653466560674551,0.09457903022970385,-0.004390830995431665
18071,1.6545920908370573,-0.2951776193616089,-0.17761058896232254
18072,0.9346111004184156,-0.4250965025587132,-0.20049077032745521
18073,0.21463010999977375,1.0040112126094336,0.2015909068460124
18074,2.814561464289313,-0.4250965025587132,-0.17353676799538414
18075,-0.6953458640015652,0.7441734462152251,0.06267249880757521
18077,-0.8453419036721156,0.8740923294123294,0.05962937680658897
18078,1.2446029157375529,-0.2951776193616089,-0.19061898941057634
18079,-0.47535167248475796,-0.03533985296740041,0.17413491182102078
18080,-0.7353448079137119,-0.2951776193616089,-0.09095841347703457
18081,-0.5653492962870882,-0.16525873616450468,-0.18980422521718868
18082,-0.6653466560674551,-0.4250965025587132,-0.15225049691021203
18084,-0.7653440158478221,-0.4250965025587132,-0.21796145172009593
18085,2.374573081255699,-0.2951776193616089,-0.15123649393182928
18086,1.8145878664856443,-0.4250965025587132,-0.21675266222006995
18087,0.05463433435118667,-0.2951776193616089,0.22339586661167443
18088,-0.31535589683617093,-0.4250965025587132,-0.20955223931429823
18092,-0.9053403195403357,0.8740923294123294,0.7813245701531327
18093,0.004635654461003215,-0.03533985296740041,0.006437073476255952
18094,-0.1053614412974004,0.35441679662391234,0.10781288386609614
18095,2.2045775696290755,-0.2951776193616089,-0.1634690874910241
18096,-0.8053429597599688,-0.16525873616450468,-0.1335265033840269
18097,-0.8453419036721156,0.2244979134268081,0.06831017727684925
18099,0.3446266777142507,-0.4250965025587132,-0.20929846030324306
18101,-0.8153426957380054,-0.2951776193616089,-0.20327788718571033
18102,-0.9153400555183724,7.240117606070438,28.673534549305145
18104,-0.5553495603090515,-0.4250965025587132,-0.1440360710260576
18105,-0.5453498243310149,-0.4250965025587132,-0.21540140029278493
18106,2.374573081255699,-0.4250965025587132,-0.1810722237183822
18108,1.6145931469249106,-0.4250965025587132,-0.19786838721321837
18109,-0.9053403195403357,2.8228755773688934,0.6629678273393549
18110,-0.7253450719356752,-0.4250965025587132,-0.20590472256329903
18112,-0.8053429597599688,-0.2951776193616089,-0.18877575238291242
18113,2.76456278439913,-0.4250965025587132,-0.21953755294664914
18114,1.9745836421342315,-0.4250965025587132,-0.20353389232844143
18116,-0.24535774498991408,0.4843356798210166,-0.07185709063178054
18117,-0.6653466560674551,-0.4250965025587132,-0.19289854824672112
18118,-0.8153426957380054,2.8228755773688934,0.39807596695797054
18119,2.754563048421093,-0.4250965025587132,-0.207919371730009
18120,1.2146037078034428,-0.4250965025587132,-0.2156607446330299
18121,0.5646208692310579,-0.2951776193616089,-0.1553158802279575
18122,-0.8453419036721156,0.2244979134268081,-0.028453088280479266
18123,-0.6853461280235285,-0.2951776193616089,-0.16409351742612038
18125,-0.6253477121553084,-0.03533985296740041,-0.10206124521069863
18126,-0.31535589683617093,-0.4250965025587132,-0.2056687526056512
18127,-0.7353448079137119,-0.16525873616450468,-0.18940018231800873
18129,1.5045960511665069,-0.4250965025587132,-0.21550491541571531
18130,-0.7753437518258587,-0.16525873616450468,-0.11011538961418665
18133,1.1946042358473694,-0.4250965025587132,-0.12435038861587386
18135,-0.6353474481333451,0.09457903022970385,-0.15213139886555022
18136,-0.29535642488009756,-0.16525873616450468,-0.14073137855315046
18138,2.024582322024415,-0.4250965025587132,-0.21104152140549046
18139,-0.7453445438917486,0.2244979134268081,0.7112103268882739
18142,0.6446187570553514,-0.2951776193616089,-0.11455318311013842
18143,0.24462931793388382,-0.2951776193616089,-0.11670807857243153
18144,-0.8453419036721156,1.0040112126094336,0.09350442251910349
18145,-0.7953432237819321,-0.03533985296740041,0.09047688343984875
18146,0.4846229814067644,-0.2951776193616089,-0.21018446071026026
18147,-0.4653519365067213,-0.2951776193616089,-0.20807074868397174
18149,-0.4153532566165378,-0.16525873616450468,-0.15990393761203403
18150,-0.6053482401992349,-0.16525873616450468,-0.16496838717475798
18151,0.4246245655385443,-0.2951776193616089,-0.1553103148987677
18154,-0.8953405835622991,-0.2951776193616089,-0.18359999623639234
18155,-0.17535959314365723,-0.16525873616450468,-0.18666871875165167
18156,-0.7953432237819321,-0.2951776193616089,-0.15282929114595195
18158,-0.8353421676940789,-0.2951776193616089,-0.17756606632880406
18159,2.084580737892635,-0.4250965025587132,-0.169023286022451
18160,-0.3553548407483177,-0.2951776193616089,-0.15701219256501053
18161,-0.7753437518258587,0.09457903022970385,-0.04786161729701061
18164,-0.5553495603090515,-0.4250965025587132,-0.18354879520784612
18165,0.8446134766160853,-0.4250965025587132,-0.1943666820869921
18167,-0.6953458640015652,-0.16525873616450468,-0.07388843578605993
18168,0.8346137406380486,0.2244979134268081,-0.09891238195510609
18169,-0.31535589683617093,-0.4250965025587132,-0.20547619221568392
18170,-0.5953485042211982,-0.16525873616450468,-0.11891751426078472
18171,-0.3353553687922443,0.09457903022970385,-0.09097956172795583
18172,-0.7753437518258587,2.043362278186268,0.6136322971375577
18173,-0.05536276140721694,-0.03533985296740041,0.006472691583070732
18174,-0.8553416396501522,-0.4250965025587132,-0.21645658670717224
18176,2.654565688640726,-0.4250965025587132,-0.1750115802306829
18177,-0.6153479761772717,0.2244979134268081,-0.07878481240725174
18178,0.3646261496703241,-0.03533985296740041,-0.05096484485324675
18179,-0.8353421676940789,0.2244979134268081,-0.02844084455626168
18180,-0.8753411116062256,0.2244979134268081,-0.02281095754785338
18181,-0.6853461280235285,-0.4250965025587132,-0.18719965115635923
18183,1.3446002755179198,-0.2951776193616089,-0.15767891900194933
18184,-0.7753437518258587,-0.4250965025587132,-0.22248940354892255
18185,1.5645944670347272,-0.4250965025587132,-0.194167443301997
18188,-0.7753437518258587,-0.16525873616450468,-0.005303544982559944
18189,-0.14536038520954717,-0.2951776193616089,-0.10668158150407603
18190,0.9946095162866356,-0.2951776193616089,-0.19637020059532245
18191,1.6945910347492041,-0.4250965025587132,-0.20490296330913385
18192,-0.2053588010777673,-0.4250965025587132,-0.12140410334279027
18193,0.724616644879645,-0.4250965025587132,-0.200900378555825
18194,-0.1053614412974004,-0.4250965025587132,-0.11963766785794566
18196,0.0246351264170766,-0.2951776193616089,-0.15160603179003243
18198,-0.8853408475842623,1.653605628594955,0.37586807735896655
18200,0.1346322221754802,-0.4250965025587132,-0.21129752654822156
18202,1.0746074041109293,-0.16525873616450468,-0.07253828692461285
18203,0.6446187570553514,-0.4250965025587132,-0.21017666924939452
18204,-0.215358537055804,-0.16525873616450468,-0.008163011120282556
18205,-0.5653492962870882,-0.2951776193616089,-0.17044689722920353
18209,-0.6353474481333451,-0.4250965025587132,-0.21254972561592805
18210,-0.9053403195403357,0.2244979134268081,0.06374438120953196
18211,-0.6653466560674551,0.09457903022970385,-0.16124072968342554
18212,2.3345741373435525,-0.4250965025587132,-0.20398245786113986
18213,1.4445976352982868,-0.4250965025587132,-0.20215591682104533
18215,-0.03536328945114355,-0.4250965025587132,-0.19471395862843602
18216,-0.6153479761772717,-0.4250965025587132,-0.17441052467818377
18217,-0.6353474481333451,-0.2951776193616089,-0.15882760294672543
18218,1.1846044998693328,-0.2951776193616089,-0.15658254915155745
18219,-0.8953405835622991,0.7441734462152251,0.002346556521748139
18220,1.3446002755179198,-0.4250965025587132,-0.194052797520687
18221,-0.7053455999796019,0.09457903022970385,-0.11209442067408189
18222,0.004635654461003215,-0.4250965025587132,-0.17872365480028385
18223,-0.8753411116062256,1.2638489790036422,0.4937395234673933
18224,1.7145905067052774,-0.4250965025587132,-0.21034028992757484
18225,-0.8953405835622991,1.0040112126094336,0.3847058201123793
18226,-0.4853514084627947,0.8740923294123294,0.3538839139933927
18227,1.2546026517155897,-0.4250965025587132,-0.21759747919108258
18228,-0.3553548407483177,-0.2951776193616089,-0.1412244667193673
18229,-0.8053429597599688,2.043362278186268,0.5819344082040955
18230,-0.8353421676940789,0.35441679662391234,0.08476129036191737
18231,0.9946095162866356,0.09457903022970385,0.0025691696893404012
18232,-0.1053614412974004,-0.03533985296740041,-0.1620310064283781
18233,2.3345741373435525,-0.4250965025587132,-0.17905757455167223
18235,-0.2053588010777673,-0.16525873616450468,-0.02807241976389649
18236,-0.6253477121553084,0.2244979134268081,-0.12983335093367127
18237,-0.8953405835622991,0.09457903022970385,-0.11816174255680899
18239,1.2646023876936263,0.09457903022970385,-0.05421499710009378
18240,-0.4653519365067213,-0.4250965025587132,-0.18099653524140083
18241,-0.8253424317160422,1.653605628594955,0.0027160943799513122
18242,-0.2053588010777673,-0.03533985296740041,0.020458363837054547
18245,-0.8553416396501522,0.35441679662391234,0.057698207577726104
18246,-0.6853461280235285,-0.2951776193616089,-0.1616826168210962
18248,0.30462773380210395,-0.2951776193616089,-0.13853975191820464
18249,-0.7553442798697854,-0.4250965025587132,-0.21742050172284674
18250,2.1745783616949654,-0.4250965025587132,-0.1891564208994952
18251,-0.05536276140721694,-0.4250965025587132,0.2522242718148724
18252,-0.4153532566165378,-0.2951776193616089,-0.17034560823794906
18255,-0.03536328945114355,-0.4250965025587132,-0.21653450131582955
18257,-0.5353500883529781,0.4843356798210166,0.032161138057379794
18259,-0.6753463920454919,-0.16525873616450468,0.03226910544366202
18260,0.8046145327039386,0.2244979134268081,0.06452018809859097
18261,-0.49535114444083134,-0.2951776193616089,-0.19194242469191236
18262,0.4746232454287277,-0.4250965025587132,-0.2113943632761242
18263,-0.6653466560674551,-0.16525873616450468,-0.0929997762238556
18265,-0.2053588010777673,-0.2951776193616089,-0.13881913144353292
18268,0.41462482956050756,-0.4250965025587132,-0.22519415353516853
18269,2.73456357646502,-0.4250965025587132,-0.20926618139394218
18270,-0.5453498243310149,-0.2951776193616089,-0.19651601222009538
18272,-0.8953405835622991,0.2244979134268081,0.11463375132112302
18273,-0.9053403195403357,-0.16525873616450468,-0.20532592832755914
18274,-0.6253477121553084,-0.4250965025587132,-0.2084514172005545
18276,-0.4853514084627947,-0.4250965025587132,-0.1906490421882013
18277,-0.345355104770281,-0.4250965025587132,-0.2157464507025529
18278,-0.18535932912169392,-0.4250965025587132,-0.20867625649982266
18280,1.8545868103977912,-0.4250965025587132,-0.20793050238838862
18281,0.8846124205282321,-0.4250965025587132,-0.21903667331956655
18282,-0.8453419036721156,-0.2951776193616089,-0.20821433417706875
18283,-0.8853408475842623,1.5236867453978509,-0.0003515150694700766
18287,-0.49535114444083134,-0.16525873616450468,-0.02353111114501435
